"Name","Position","Team","Air Yards","Targets","Expected Catches","Actual Catches","Average Depth of Target","Expected Catch Rate","Catch Rate","Expected rec Yds","Actual Rec Yds","Expected Rec TD","Actual Rec TDs","Actual PPR Points","Expected PPR Points","PPR Points +/-","Actual Half PPR Points","Expected Half PPR Points","Half PPR Points +/-","Yards after the Catch","YAC Per Catch","Actual DK","Expected DK","DK +/-","Actual FD","Expected FD","FD +/-","Expected Rush Yards","Expected Rush TD","Actual Rush F Points","Expected Rush F Points","Touches","Carries","Rush Yds","Rush TD"
"Brandin Cooks","WR","HOU","428","32","20.12","23","13.38","62.86%","0.72","290.11","322","1.57","1","61.20","58.54","2.70","49.70","48.48","1.20","61","2.65","61.70","59.03","2.70","50.20","48.97","1.20","4.90","0.00","0.50","0.49","33","1","5","0"
"Davante Adams","WR","GB","406","34","21.07","25","11.94","61.98%","0.74","292.73","309","2.12","1","61.90","63.04","-1.10","49.40","52.50","-3.10","80","3.20","61.90","63.04","-1.10","49.40","52.50","-3.10","0.00","0.00","0.00","0.00","34","0","0","0"
"Stefon Diggs","WR","BUF","386","31","19.76","19","12.45","63.74%","0.61","275.25","191","1.39","1","44.10","55.64","-11.50","34.60","45.77","-11.20","48","2.53","44.10","55.64","-11.50","34.60","45.77","-11.20","0.00","0.00","0.00","0.00","31","0","0","0"
"Chase Claypool","WR","PIT","363","29","17.73","15","12.52","61.15%","0.52","267.81","211","0.96","0","36.10","50.25","-14.20","28.60","41.39","-12.80","59","3.93","38.30","51.26","-13.00","30.80","42.39","-11.60","9.34","0.01","2.20","1.01","31","2","22","0"
"DJ Chark Jr.","WR","JAX","359","22","12.40","7","16.32","56.35%","0.32","242.69","154","0.77","2","34.40","41.30","-6.90","30.90","35.10","-4.20","24","3.43","34.40","41.30","-6.90","30.90","35.10","-4.20","0.00","0.00","0.00","0.00","22","0","0","0"
"Darren Waller","TE","LV","350","33","21.00","20","10.61","63.64%","0.61","286.94","224","1.30","1","48.40","57.49","-9.10","38.40","46.99","-8.60","71","3.55","48.40","57.49","-9.10","38.40","46.99","-8.60","0.00","0.00","0.00","0.00","33","0","0","0"
"Marquise Brown","WR","BAL","349","23","12.87","15","15.17","55.97%","0.65","214.18","235","1.78","2","50.50","44.95","5.50","43.00","38.52","4.50","95","6.33","51.00","45.46","5.50","43.50","39.02","4.50","4.87","0.00","0.50","0.51","24","1","5","0"
"Marquez Valdes-Scantling","WR","GB","349","16","7.74","6","21.81","48.39%","0.38","163.85","76","1.61","1","19.60","33.77","-14.20","16.60","29.90","-13.30","24","4.00","19.60","33.77","-14.20","16.60","29.90","-13.30","0.00","0.00","0.00","0.00","16","0","0","0"
"Mike Evans","WR","TB","342","25","15.14","16","13.68","60.58%","0.64","241.52","205","2.00","2","48.50","51.28","-2.80","40.50","43.70","-3.20","46","2.88","48.50","51.28","-2.80","40.50","43.70","-3.20","0.00","0.00","0.00","0.00","25","0","0","0"
"Marvin Jones Jr.","WR","DET","339","28","16.61","17","12.11","59.30%","0.61","240.28","194","1.98","2","48.40","52.54","-4.10","39.90","44.24","-4.30","32","1.88","48.40","52.54","-4.10","39.90","44.24","-4.30","0.00","0.00","0.00","0.00","28","0","0","0"
"Emmanuel Sanders","WR","NO","338","20","10.77","11","16.90","53.85%","0.55","200.13","194","1.35","2","42.40","38.86","3.50","36.90","33.47","3.40","27","2.45","42.40","38.86","3.50","36.90","33.47","3.40","0.00","0.00","0.00","0.00","20","0","0","0"
"Courtland Sutton","WR","DEN","335","20","11.66","15","16.75","58.32%","0.75","189.97","210","1.21","0","36.00","37.90","-1.90","28.50","32.07","-3.60","34","2.27","36.00","37.90","-1.90","28.50","32.07","-3.60","0.00","0.00","0.00","0.00","20","0","0","0"
"Tyreek Hill","WR","KC","334","26","15.97","19","12.85","61.41%","0.73","242.91","267","0.86","1","51.70","45.39","6.30","42.20","37.41","4.80","83","4.37","54.70","46.94","7.80","45.20","38.96","6.20","12.99","0.04","3.00","1.55","29","3","30","0"
"D.J. Moore","WR","CAR","330","30","19.21","21","11.00","64.04%","0.70","275.95","283","0.37","0","49.30","49.05","0.20","38.80","39.45","-0.60","81","3.86","50.60","49.83","0.80","40.10","40.23","-0.10","7.25","0.01","1.30","0.78","32","2","13","0"
"Justin Jefferson","WR","MIN","322","30","18.80","20","10.73","62.68%","0.67","256.18","254","1.19","2","57.40","51.55","5.80","47.40","42.15","5.20","96","4.80","57.40","51.55","5.80","47.40","42.15","5.20","0.00","0.00","0.00","0.00","30","0","0","0"
"DK Metcalf","WR","SEA","318","25","14.86","16","12.72","59.44%","0.64","225.09","220","1.47","2","50.00","46.18","3.80","42.00","38.75","3.30","74","4.63","50.00","46.18","3.80","42.00","38.75","3.30","0.00","0.00","0.00","0.00","25","0","0","0"
"Henry Ruggs III","WR","LV","309","19","11.34","11","16.26","59.67%","0.58","194.95","237","0.48","1","40.70","33.74","7.00","35.20","28.07","7.10","74","6.73","41.60","35.20","6.40","36.10","29.53","6.60","7.60","0.12","0.90","1.46","21","2","9","0"
"Michael Pittman Jr.","WR","IND","302","28","17.60","17","10.79","62.85%","0.61","238.97","220","1.49","0","39.00","50.43","-11.40","30.50","41.63","-11.10","63","3.71","39.50","50.92","-11.40","31.00","42.12","-11.10","4.93","0.00","0.50","0.49","29","1","5","0"
"DeVonta Smith","WR","PHI","301","21","12.72","11","14.33","60.57%","0.52","188.17","115","0.80","1","28.50","36.33","-7.80","23.00","29.97","-7.00","34","3.09","28.50","36.33","-7.80","23.00","29.97","-7.00","0.00","0.00","0.00","0.00","21","0","0","0"
"DeVante Parker","WR","MIA","299","23","14.15","13","13.00","61.50%","0.57","213.27","165","0.48","0","29.50","38.34","-8.80","23.00","31.27","-8.30","42","3.23","29.50","38.34","-8.80","23.00","31.27","-8.30","0.00","0.00","0.00","0.00","23","0","0","0"
"Sammy Watkins","WR","KC","296","22","13.42","12","13.45","61.01%","0.55","189.48","208","1.03","0","32.80","38.57","-5.80","26.80","31.86","-5.10","63","5.25","32.80","38.57","-5.80","26.80","31.86","-5.10","0.00","0.00","0.00","0.00","22","0","0","0"
"Jakobi Meyers","WR","NE","293","29","18.96","19","10.10","65.38%","0.66","245.56","176","0.60","0","36.60","47.12","-10.50","27.10","37.64","-10.50","50","2.63","36.60","47.12","-10.50","27.10","37.64","-10.50","0.00","0.00","0.00","0.00","29","0","0","0"
"A.J. Brown","WR","TEN","289","19","10.64","7","15.21","55.99%","0.37","174.11","92","1.33","1","22.20","36.05","-13.90","18.70","30.74","-12.00","10","1.43","22.50","36.51","-14.00","19.00","31.19","-12.20","4.56","0.00","0.30","0.46","20","1","3","0"
"Mike Williams","WR","LAC","287","31","19.21","22","9.26","61.97%","0.71","226.68","295","3.04","4","75.50","60.12","15.40","64.50","50.51","14.00","109","4.95","75.50","60.12","15.40","64.50","50.51","14.00","0.00","0.00","0.00","0.00","31","0","0","0"
"Tyler Lockett","WR","SEA","283","20","11.67","16","14.15","58.36%","0.80","170.74","309","0.88","3","64.90","34.01","30.90","56.90","28.17","28.70","101","6.31","64.90","34.01","30.90","56.90","28.17","28.70","0.00","0.00","0.00","0.00","20","0","0","0"
"CeeDee Lamb","WR","DAL","275","27","17.70","18","10.19","65.57%","0.67","230.26","265","1.45","1","50.50","49.41","1.10","41.50","40.56","0.90","120","6.67","51.70","51.65","0.10","42.70","42.80","-0.10","5.81","0.28","1.20","2.24","29","2","12","0"
"Keenan Allen","WR","LAC","274","33","21.74","21","8.30","65.89%","0.64","249.18","258","1.95","1","52.80","58.38","-5.60","42.30","47.50","-5.20","79","3.76","52.80","58.38","-5.60","42.30","47.50","-5.20","0.00","0.00","0.00","0.00","33","0","0","0"
"Nelson Agholor","WR","LV","270","18","10.16","10","15.00","56.43%","0.56","159.92","110","1.36","1","27.00","34.33","-7.30","22.00","29.25","-7.30","18","1.80","27.00","34.33","-7.30","22.00","29.25","-7.30","0.00","0.00","0.00","0.00","18","0","0","0"
"Cooper Kupp","WR","LAR","269","33","21.36","25","8.15","64.74%","0.76","244.13","367","2.22","5","91.70","59.08","32.60","79.20","48.40","30.80","174","6.96","91.20","59.75","31.40","78.70","49.07","29.60","3.54","0.05","-0.50","0.68","34","1","-5","0"
"Kenny Golladay","WR","DET","265","19","10.91","11","13.95","57.43%","0.58","187.91","166","0.93","0","27.60","35.28","-7.70","22.10","29.83","-7.70","26","2.36","27.60","35.28","-7.70","22.10","29.83","-7.70","0.00","0.00","0.00","0.00","19","0","0","0"
"Christian Kirk","WR","ARI","265","17","9.10","15","15.59","53.52%","0.88","144.71","239","1.45","2","50.90","32.27","18.60","43.40","27.72","15.70","51","3.40","50.90","32.27","18.60","43.40","27.72","15.70","0.00","0.00","0.00","0.00","17","0","0","0"
"Ja'Marr Chase","WR","CIN","264","16","8.85","11","16.50","55.33%","0.69","152.25","220","1.00","4","57.00","30.10","26.90","51.50","25.68","25.80","54","4.91","56.80","30.60","26.20","51.30","26.17","25.10","4.78","0.00","-0.20","0.50","17","1","-2","0"
"Corey Davis","WR","TEN","263","22","13.77","12","11.95","62.58%","0.55","198.58","146","1.00","2","38.60","39.62","-1.00","32.60","32.73","-0.10","0","0.00","38.60","39.62","-1.00","32.60","32.73","-0.10","0.00","0.00","0.00","0.00","22","0","0","0"
"Calvin Ridley","WR","ATL","255","29","18.82","20","8.79","64.90%","0.69","224.28","175","2.07","1","43.50","53.64","-10.10","33.50","44.23","-10.70","65","3.25","43.50","53.64","-10.10","33.50","44.23","-10.70","0.00","0.00","0.00","0.00","29","0","0","0"
"Julio Jones","WR","ATL","242","18","10.17","12","13.44","56.48%","0.67","156.30","204","1.18","0","32.40","32.87","-0.50","26.40","27.79","-1.40","48","4.00","32.40","32.87","-0.50","26.40","27.79","-1.40","0.00","0.00","0.00","0.00","18","0","0","0"
"Elijah Moore","WR","NYJ","235","18","11.62","8","13.06","64.53%","0.44","179.18","66","0.45","0","14.60","32.21","-17.60","10.60","26.40","-15.80","22","2.75","14.60","32.21","-17.60","10.60","26.40","-15.80","0.00","0.00","0.00","0.00","18","0","0","0"
"Travis Kelce","TE","KC","226","26","17.72","20","8.69","68.16%","0.77","211.55","289","0.76","3","66.90","43.44","23.50","56.90","34.58","22.30","151","7.55","66.90","43.44","23.50","56.90","34.58","22.30","0.00","0.00","0.00","0.00","26","0","0","0"
"A.J. Green","WR","CIN","211","18","10.80","10","11.72","60.02%","0.56","159.02","181","1.41","1","34.10","35.16","-1.10","29.10","29.75","-0.70","30","3.00","34.10","35.16","-1.10","29.10","29.75","-0.70","0.00","0.00","0.00","0.00","18","0","0","0"
"Terry McLaurin","WR","WAS","210","26","16.90","20","8.08","64.98%","0.77","198.41","247","1.05","1","50.70","43.07","7.60","40.70","34.62","6.10","96","4.80","50.70","43.07","7.60","40.70","34.62","6.10","0.00","0.00","0.00","0.00","26","0","0","0"
"Deebo Samuel","WR","SF","209","30","20.94","20","6.97","69.81%","0.67","245.38","334","0.41","1","59.40","47.92","11.50","49.40","37.45","11.90","184","9.20","60.20","50.81","9.40","50.20","40.33","9.90","19.10","0.16","0.80","2.88","34","4","8","0"
"Amari Cooper","WR","DAL","208","26","17.37","19","8.00","66.80%","0.73","195.25","189","1.58","2","49.90","46.38","3.50","40.40","37.69","2.70","48","2.53","49.90","46.38","3.50","40.40","37.69","2.70","0.00","0.00","0.00","0.00","26","0","0","0"
"Mike Gesicki","TE","MIA","207","21","13.68","13","9.86","65.14%","0.62","185.43","127","0.13","0","25.70","33.01","-7.30","19.20","26.17","-7.00","26","2.00","25.70","33.01","-7.30","19.20","26.17","-7.00","0.00","0.00","0.00","0.00","21","0","0","0"
"Antonio Brown","WR","TB","207","10","5.04","6","20.70","50.37%","0.60","112.22","138","0.73","1","25.80","20.61","5.20","22.80","18.09","4.70","27","4.50","26.40","21.03","5.40","23.40","18.51","4.90","4.17","0.00","0.60","0.42","11","1","6","0"
"Bryan Edwards","WR","LV","205","13","7.36","10","15.77","56.61%","0.77","134.18","210","0.49","0","31.00","23.72","7.30","26.00","20.04","6.00","58","5.80","31.00","23.72","7.30","26.00","20.04","6.00","0.00","0.00","0.00","0.00","13","0","0","0"
"Darius Slayton","WR","NYG","202","14","8.40","7","14.43","60.00%","0.50","127.04","127","0.78","1","25.70","25.77","-0.10","22.20","21.57","0.60","8","1.14","25.70","25.77","-0.10","22.20","21.57","0.60","0.00","0.00","0.00","0.00","14","0","0","0"
"K.J. Hamler","WR","DEN","201","10","5.09","5","20.10","50.85%","0.50","109.89","74","0.33","0","12.40","18.05","-5.70","9.90","15.51","-5.60","16","3.20","12.40","18.05","-5.70","9.90","15.51","-5.60","0.00","0.00","0.00","0.00","10","0","0","0"
"Chris Godwin","WR","TB","199","25","16.92","19","7.96","67.67%","0.76","195.53","241","1.27","2","55.10","44.07","11.00","45.60","35.61","10.00","0","0.00","61.30","46.42","14.90","51.80","37.97","13.80","1.62","0.37","6.20","2.36","26","1","2","1"
"Robby Anderson","WR","CAR","195","11","6.06","5","17.73","55.06%","0.46","110.06","103","0.62","1","21.30","20.79","0.50","18.80","17.76","1.00","29","5.80","21.30","20.79","0.50","18.80","17.76","1.00","0.00","0.00","0.00","0.00","11","0","0","0"
"Sterling Shepard","WR","NYG","194","22","14.84","18","8.82","67.45%","0.82","190.82","223","0.44","1","46.30","36.54","9.80","37.30","29.12","8.20","61","3.39","45.40","37.02","8.40","36.40","29.60","6.80","4.82","0.00","-0.90","0.48","23","1","-9","0"
"Mark Andrews","TE","BAL","190","17","10.83","13","11.18","63.72%","0.77","155.90","186","0.35","0","31.60","28.53","3.10","25.10","23.11","2.00","62","4.77","31.60","28.53","3.10","25.10","23.11","2.00","0.00","0.00","0.00","0.00","17","0","0","0"
"Rob Gronkowski","TE","TB","186","20","12.65","16","9.30","63.23%","0.80","159.07","184","2.01","4","58.40","40.64","17.80","50.40","34.32","16.10","76","4.75","58.40","40.64","17.80","50.40","34.32","16.10","0.00","0.00","0.00","0.00","20","0","0","0"
"Diontae Johnson","WR","PIT","186","22","14.71","14","8.45","66.87%","0.64","173.56","141","1.15","1","34.10","38.95","-4.80","27.10","31.59","-4.50","89","6.36","34.10","38.95","-4.80","27.10","31.59","-4.50","0.00","0.00","0.00","0.00","22","0","0","0"
"Jalen Reagor","WR","PHI","182","19","12.49","13","9.58","65.75%","0.68","149.18","107","0.63","1","29.70","31.17","-1.50","23.20","24.93","-1.70","73","5.62","29.70","31.17","-1.50","23.20","24.93","-1.70","0.00","0.00","0.00","0.00","19","0","0","0"
"Van Jefferson","WR","LAR","179","12","7.21","7","14.92","60.05%","0.58","114.23","136","0.46","1","26.60","21.37","5.20","23.10","17.77","5.30","45","6.43","26.60","21.37","5.20","23.10","17.77","5.30","0.00","0.00","0.00","0.00","12","0","0","0"
"Robert Woods","WR","LAR","177","19","12.17","11","9.32","64.04%","0.58","159.76","124","1.24","1","29.40","35.58","-6.20","23.90","29.49","-5.60","34","3.09","31.20","37.69","-6.50","25.70","31.60","-5.90","18.37","0.04","1.80","2.11","23","4","18","0"
"Quintez Cephus","WR","DET","177","14","8.03","8","12.64","57.32%","0.57","114.78","83","1.44","2","28.30","28.13","0.20","24.30","24.12","0.20","31","3.88","28.30","28.13","0.20","24.30","24.12","0.20","0.00","0.00","0.00","0.00","14","0","0","0"
"Hunter Renfrow","WR","LV","175","22","14.97","16","7.95","68.06%","0.73","173.17","204","0.97","1","42.40","38.08","4.30","34.40","30.60","3.80","95","5.94","42.40","38.08","4.30","34.40","30.60","3.80","0.00","0.00","0.00","0.00","22","0","0","0"
"Kalif Raymond","WR","TEN","171","16","10.57","11","10.69","66.04%","0.69","142.10","136","0.45","0","24.60","27.47","-2.90","19.10","22.19","-3.10","46","4.18","25.50","28.05","-2.60","20.00","22.77","-2.80","4.95","0.01","0.90","0.59","17","1","9","0"
"Kendrick Bourne","WR","SF","171","14","9.02","9","12.21","64.41%","0.64","123.89","123","0.64","1","27.30","25.24","2.10","22.80","20.73","2.10","52","5.78","28.90","25.86","3.00","24.40","21.35","3.00","5.30","0.01","1.60","0.62","15","1","16","0"
"Dyami Brown","WR","WAS","170","12","7.10","4","14.17","59.17%","0.33","107.03","32","0.89","0","7.20","23.15","-16.00","5.20","19.60","-14.40","4","1.00","6.80","23.63","-16.80","4.80","20.08","-15.30","4.60","0.00","-0.40","0.48","13","1","-4","0"
"Cole Beasley","WR","BUF","167","30","21.41","23","5.57","71.37%","0.77","215.08","194","1.05","0","42.40","49.19","-6.80","30.90","38.49","-7.60","95","4.13","42.40","49.19","-6.80","30.90","38.49","-7.60","0.00","0.00","0.00","0.00","30","0","0","0"
"DeAndre Hopkins","WR","ARI","167","18","11.46","13","9.28","63.67%","0.72","143.58","158","0.97","3","46.80","31.67","15.10","40.30","25.94","14.40","50","3.85","46.80","31.67","15.10","40.30","25.94","14.40","0.00","0.00","0.00","0.00","18","0","0","0"
"Braxton Berrios","WR","NYJ","164","21","14.26","14","7.81","67.90%","0.67","171.88","150","0.11","0","29.00","32.11","-3.10","22.00","24.98","-3.00","40","2.86","29.00","32.11","-3.10","22.00","24.98","-3.00","0.00","0.00","0.00","0.00","21","0","0","0"
"Adam Thielen","WR","MIN","160","26","17.30","21","6.15","66.53%","0.81","186.91","181","1.77","4","63.10","46.63","16.50","52.60","37.98","14.60","58","2.76","63.10","46.63","16.50","52.60","37.98","14.60","0.00","0.00","0.00","0.00","26","0","0","0"
"Darnell Mooney","WR","CHI","158","19","12.37","12","8.32","65.10%","0.63","148.86","101","1.02","0","22.10","33.39","-11.30","16.10","27.20","-11.10","13","1.08","22.10","33.39","-11.30","16.10","27.20","-11.10","0.00","0.00","0.00","0.00","19","0","0","0"
"Anthony Schwartz","WR","CLE","155","7","3.56","3","22.14","50.79%","0.43","83.86","69","0.37","0","9.90","14.17","-4.30","8.40","12.39","-4.00","7","2.33","11.60","14.65","-3.00","10.10","12.87","-2.80","4.78","0.00","1.70","0.48","8","1","17","0"
"DeSean Jackson","WR","PHI","152","7","3.78","5","21.71","54.00%","0.71","78.85","141","0.31","1","25.10","13.54","11.60","22.60","11.65","11.00","69","13.80","25.10","13.54","11.60","22.60","11.65","11.00","0.00","0.00","0.00","0.00","7","0","0","0"
"T.J. Hockenson","TE","DET","151","22","15.11","18","6.86","68.69%","0.82","160.19","173","1.30","2","47.30","38.92","8.40","38.30","31.37","6.90","75","4.17","47.30","38.92","8.40","38.30","31.37","6.90","0.00","0.00","0.00","0.00","22","0","0","0"
"Odell Beckham Jr.","WR","CLE","149","9","5.06","5","16.56","56.27%","0.56","95.98","77","0.40","0","12.70","17.05","-4.40","10.20","14.52","-4.30","4","0.80","13.70","17.51","-3.80","11.20","14.98","-3.80","4.20","0.01","1.00","0.46","10","1","10","0"
"Tim Patrick","WR","DEN","147","13","7.81","12","11.31","60.07%","0.92","107.90","174","1.19","2","41.40","25.73","15.70","35.40","21.83","13.60","42","3.50","41.40","25.73","15.70","35.40","21.83","13.60","0.00","0.00","0.00","0.00","13","0","0","0"
"Allen Robinson II","WR","CHI","140","21","14.11","10","6.67","67.19%","0.48","142.29","86","1.17","1","24.60","35.34","-10.70","19.60","28.29","-8.70","37","3.70","24.60","35.34","-10.70","19.60","28.29","-8.70","0.00","0.00","0.00","0.00","21","0","0","0"
"Zach Pascal","WR","IND","139","18","10.48","11","7.72","58.23%","0.61","114.82","122","2.86","3","41.20","39.11","2.10","35.70","33.87","1.80","24","2.18","41.20","39.11","2.10","35.70","33.87","1.80","0.00","0.00","0.00","0.00","18","0","0","0"
"Tee Higgins","WR","CIN","138","15","9.19","10","9.20","61.26%","0.67","113.25","118","1.17","2","33.80","27.54","6.30","28.80","22.94","5.90","0","0.00","33.80","27.54","6.30","28.80","22.94","5.90","0.00","0.00","0.00","0.00","15","0","0","0"
"Kyle Pitts","TE","ATL","133","17","11.26","11","7.82","66.25%","0.65","128.50","139","0.68","0","24.90","28.21","-3.30","19.40","22.58","-3.20","45","4.09","24.90","28.21","-3.30","19.40","22.58","-3.20","0.00","0.00","0.00","0.00","17","0","0","0"
"Deonte Harris","WR","NO","132","7","3.79","6","18.86","54.09%","0.86","70.78","112","0.30","1","23.20","12.68","10.50","20.20","10.79","9.40","11","1.83","23.30","13.30","10.00","20.30","11.40","8.90","4.88","0.02","0.10","0.61","8","1","1","0"
"David Njoku","TE","CLE","131","8","4.23","5","16.38","52.84%","0.63","77.92","94","0.61","0","14.40","15.67","-1.30","11.90","13.56","-1.70","35","7.00","14.40","15.67","-1.30","11.90","13.56","-1.70","0.00","0.00","0.00","0.00","8","0","0","0"
"Tyler Boyd","WR","CIN","130","19","13.39","14","6.84","70.48%","0.74","140.35","141","0.18","1","34.10","28.51","5.60","27.10","21.82","5.30","67","4.79","34.10","28.51","5.60","27.10","21.82","5.30","0.00","0.00","0.00","0.00","19","0","0","0"
"Mecole Hardman","WR","KC","130","15","10.49","11","8.67","69.92%","0.73","121.55","107","0.57","1","27.70","26.07","1.60","22.20","20.82","1.40","76","6.91","27.90","26.50","1.40","22.40","21.25","1.10","3.93","0.01","0.20","0.43","16","1","2","0"
"K.J. Osborn","WR","MIN","129","17","11.93","14","7.59","70.15%","0.82","136.05","193","0.16","1","39.30","26.48","12.80","32.30","20.51","11.80","83","5.93","39.30","26.48","12.80","32.30","20.51","11.80","0.00","0.00","0.00","0.00","17","0","0","0"
"Jared Cook","TE","NO","122","16","10.73","10","7.63","67.07%","0.63","122.79","111","0.88","0","21.10","28.27","-7.20","16.10","22.90","-6.80","54","5.40","21.10","28.27","-7.20","16.10","22.90","-6.80","0.00","0.00","0.00","0.00","16","0","0","0"
"Will Fuller V","WR","HOU","121","6","3.37","3","20.17","56.20%","0.50","63.73","20","0.34","0","5.00","11.80","-6.80","3.50","10.11","-6.60","8","2.67","5.00","11.80","-6.80","3.50","10.11","-6.60","0.00","0.00","0.00","0.00","6","0","0","0"
"Chester Rogers","WR","TEN","120","13","8.01","7","9.23","61.64%","0.54","103.31","90","0.80","1","22.00","23.12","-1.10","18.50","19.12","-0.60","21","3.00","22.00","23.12","-1.10","18.50","19.12","-0.60","0.00","0.00","0.00","0.00","13","0","0","0"
"Logan Thomas","TE","WAS","115","14","9.10","12","8.21","64.99%","0.86","109.11","117","0.92","2","35.70","25.50","10.20","29.70","20.95","8.70","25","2.08","35.70","25.50","10.20","29.70","20.95","8.70","0.00","0.00","0.00","0.00","14","0","0","0"
"Jaylen Waddle","WR","MIA","108","26","18.96","22","4.15","72.92%","0.85","177.21","167","0.71","1","44.70","40.94","3.80","33.70","31.46","2.20","91","4.14","44.70","40.94","3.80","33.70","31.46","2.20","0.00","0.00","0.00","0.00","26","0","0","0"
"George Kittle","TE","SF","104","18","13.48","15","5.78","74.87%","0.83","140.30","187","0.13","0","33.70","28.27","5.40","26.20","21.53","4.70","139","9.27","34.60","28.79","5.80","27.10","22.05","5.00","4.99","0.00","0.90","0.52","19","1","9","0"
"Marquez Callaway","WR","NO","104","11","7.07","7","9.45","64.28%","0.64","89.18","63","0.72","1","19.30","20.30","-1.00","15.80","16.77","-1.00","17","2.43","19.30","20.30","-1.00","15.80","16.77","-1.00","0.00","0.00","0.00","0.00","11","0","0","0"
"Noah Fant","TE","DEN","102","17","12.22","12","6.00","71.89%","0.71","121.89","110","0.55","1","29.00","27.69","1.30","23.00","21.58","1.40","51","4.25","29.00","27.69","1.30","23.00","21.58","1.40","0.00","0.00","0.00","0.00","17","0","0","0"
"Hunter Henry","TE","LAC","102","13","9.08","10","7.85","69.88%","0.77","106.41","109","0.11","0","20.90","20.38","0.50","15.90","15.84","0.10","36","3.60","20.90","20.38","0.50","15.90","15.84","0.10","0.00","0.00","0.00","0.00","13","0","0","0"
"Dan Arnold","TE","ARI","101","11","7.07","7","9.18","64.23%","0.64","91.62","84","0.23","0","15.40","17.64","-2.20","11.90","14.10","-2.20","29","4.14","15.40","17.64","-2.20","11.90","14.10","-2.20","0.00","0.00","0.00","0.00","11","0","0","0"
"Trinity Benson","WR","DET","99","10","6.58","4","9.90","65.82%","0.40","81.10","43","0.27","0","8.30","16.31","-8.00","6.30","13.02","-6.70","22","5.50","8.30","16.31","-8.00","6.30","13.02","-6.70","0.00","0.00","0.00","0.00","10","0","0","0"
"Demarcus Robinson","WR","KC","98","8","4.88","6","12.25","60.97%","0.75","66.11","72","0.65","1","19.20","15.41","3.80","16.20","12.97","3.20","12","2.00","19.20","15.41","3.80","16.20","12.97","3.20","0.00","0.00","0.00","0.00","8","0","0","0"
"Harrison Bryant","TE","CLE","96","8","4.94","5","12.00","61.76%","0.63","69.73","66","0.22","0","11.60","13.25","-1.70","9.10","10.78","-1.70","26","5.20","11.60","13.25","-1.70","9.10","10.78","-1.70","0.00","0.00","0.00","0.00","8","0","0","0"
"Byron Pringle","WR","KC","95","10","6.70","5","9.50","66.99%","0.50","85.99","81","0.12","1","19.10","16.01","3.10","16.60","12.66","3.90","47","9.40","19.10","16.01","3.10","16.60","12.66","3.90","0.00","0.00","0.00","0.00","10","0","0","0"
"Amon-Ra St. Brown","WR","DET","93","10","6.43","6","9.30","64.32%","0.60","77.35","43","0.75","0","10.30","18.64","-8.30","7.30","15.43","-8.10","7","1.17","10.30","18.64","-8.30","7.30","15.43","-8.10","0.00","0.00","0.00","0.00","10","0","0","0"
"Gabriel Davis","WR","BUF","93","6","3.06","3","15.50","50.95%","0.50","53.53","63","0.67","1","15.30","12.46","2.80","13.80","10.93","2.90","15","5.00","15.30","12.46","2.80","13.80","10.93","2.90","0.00","0.00","0.00","0.00","6","0","0","0"
"Quez Watkins","WR","PHI","93","7","4.37","7","13.29","62.36%","1.00","67.17","186","0.12","0","25.60","11.80","13.80","22.10","9.61","12.50","93","13.29","25.60","11.80","13.80","22.10","9.61","12.50","0.00","0.00","0.00","0.00","7","0","0","0"
"Laviska Shenault Jr.","WR","JAX","92","21","15.87","13","4.38","75.56%","0.62","157.01","95","0.09","0","22.50","32.09","-9.60","16.00","24.15","-8.20","63","4.85","23.40","33.07","-9.70","16.90","25.13","-8.20","8.72","0.02","0.90","0.98","23","2","9","0"
"Dalton Schultz","TE","DAL","88","15","10.93","14","5.87","72.84%","0.93","106.90","143","0.62","2","40.30","25.34","15.00","33.30","19.88","13.40","82","5.86","40.30","25.34","15.00","33.30","19.88","13.40","0.00","0.00","0.00","0.00","15","0","0","0"
"Zach Ertz","TE","PHI","88","11","6.94","7","8.00","63.05%","0.64","77.04","93","1.08","1","22.30","21.15","1.20","18.80","17.68","1.10","35","5.00","22.30","21.15","1.20","18.80","17.68","1.10","0.00","0.00","0.00","0.00","11","0","0","0"
"Juwan Johnson","WR","NO","88","7","3.74","4","12.57","53.44%","0.57","57.02","44","1.10","2","20.40","16.06","4.30","18.40","14.19","4.20","20","5.00","20.40","16.06","4.30","18.40","14.19","4.20","0.00","0.00","0.00","0.00","7","0","0","0"
"Tyler Johnson","WR","TB","85","9","5.57","4","9.44","61.87%","0.44","71.06","68","0.52","0","10.80","15.81","-5.00","8.80","13.03","-4.20","13","3.25","10.80","15.81","-5.00","8.80","13.03","-4.20","0.00","0.00","0.00","0.00","9","0","0","0"
"Kenny Stills","WR","HOU","85","3","1.31","1","28.33","43.60%","0.33","38.84","17","0.33","0","2.70","7.15","-4.50","2.20","6.50","-4.30","1","1.00","2.70","7.15","-4.50","2.20","6.50","-4.30","0.00","0.00","0.00","0.00","3","0","0","0"
"Terrace Marshall Jr.","WR","CAR","84","14","9.78","10","6.00","69.84%","0.71","100.69","91","0.86","0","19.10","25.00","-5.90","14.10","20.11","-6.00","43","4.30","19.10","25.00","-5.90","14.10","20.11","-6.00","0.00","0.00","0.00","0.00","14","0","0","0"
"Pat Freiermuth","TE","PIT","84","10","6.54","8","8.40","65.37%","0.80","74.14","82","0.80","1","22.20","18.75","3.50","18.20","15.48","2.70","32","4.00","22.20","18.75","3.50","18.20","15.48","2.70","0.00","0.00","0.00","0.00","10","0","0","0"
"Jerry Jeudy","WR","DEN","83","7","4.35","6","11.86","62.19%","0.86","65.72","72","0.13","0","13.20","11.71","1.50","10.20","9.53","0.70","8","1.33","13.20","11.71","1.50","10.20","9.53","0.70","0.00","0.00","0.00","0.00","7","0","0","0"
"Olamide Zaccheaus","WR","ATL","82","10","6.54","5","8.20","65.37%","0.50","80.45","54","0.58","1","16.40","18.08","-1.70","13.90","14.81","-0.90","14","2.80","16.40","18.08","-1.70","13.90","14.81","-0.90","0.00","0.00","0.00","0.00","10","0","0","0"
"Cedrick Wilson","WR","DAL","81","9","5.76","8","9.00","64.00%","0.89","68.08","61","0.62","1","20.10","16.29","3.80","16.10","13.41","2.70","22","2.75","20.60","16.81","3.80","16.60","13.93","2.70","4.82","0.01","0.50","0.52","10","1","5","0"
"Collin Johnson","WR","JAX","80","7","4.49","5","11.43","64.16%","0.71","66.25","51","0.10","0","10.10","11.70","-1.60","7.60","9.46","-1.90","8","1.60","10.10","11.70","-1.60","7.60","9.46","-1.90","0.00","0.00","0.00","0.00","7","0","0","0"
"Dawson Knox","TE","BUF","79","12","7.94","10","6.58","66.12%","0.83","78.91","107","0.84","2","32.70","20.85","11.80","27.70","16.89","10.80","0","0.00","32.70","20.85","11.80","27.70","16.89","10.80","0.00","0.00","0.00","0.00","12","0","0","0"
"Jalen Guyton","WR","LAC","79","8","5.06","5","9.88","63.19%","0.63","59.27","62","0.69","0","11.20","15.10","-3.90","8.70","12.57","-3.90","41","8.20","12.40","16.00","-3.60","9.90","13.47","-3.60","8.79","0.00","1.20","0.90","10","2","12","0"
"JuJu Smith-Schuster","WR","PIT","77","19","14.49","13","4.05","76.28%","0.68","136.74","118","0.07","0","24.80","28.56","-3.80","18.30","21.31","-3.00","66","5.08","31.10","30.72","0.40","24.60","23.48","1.10","1.50","0.34","6.30","2.17","20","1","3","1"
"Jonnu Smith","TE","TEN","75","16","12.03","10","4.69","75.17%","0.63","113.82","74","0.28","0","17.40","25.09","-7.70","12.40","19.07","-6.70","56","5.60","18.00","25.57","-7.60","13.00","19.55","-6.60","4.26","0.01","0.60","0.48","17","1","6","0"
"James Washington","WR","PIT","75","8","5.42","5","9.38","67.69%","0.63","68.26","30","0.14","0","8.00","13.10","-5.10","5.50","10.39","-4.90","20","4.00","8.00","13.10","-5.10","5.50","10.39","-4.90","0.00","0.00","0.00","0.00","8","0","0","0"
"Tyler Conklin","TE","MIN","74","16","11.56","13","4.63","72.22%","0.81","106.43","126","0.66","1","31.60","26.14","5.50","25.10","20.36","4.70","60","4.62","31.60","26.14","5.50","25.10","20.36","4.70","0.00","0.00","0.00","0.00","16","0","0","0"
"Jacob Hollister","TE","SEA","73","6","3.71","2","12.17","61.85%","0.33","54.70","15","0.17","0","3.50","10.20","-6.70","2.50","8.34","-5.80","0","0.00","3.50","10.20","-6.70","2.50","8.34","-5.80","0.00","0.00","0.00","0.00","6","0","0","0"
"Jack Doyle","TE","IND","72","14","10.17","9","5.14","72.62%","0.64","98.97","95","0.65","0","18.50","23.95","-5.50","14.00","18.87","-4.90","55","6.11","18.50","23.95","-5.50","14.00","18.87","-4.90","0.00","0.00","0.00","0.00","14","0","0","0"
"Marquise Goodwin","WR","CHI","72","8","5.55","5","9.00","69.41%","0.63","71.74","55","0.21","0","10.50","13.99","-3.50","8.00","11.22","-3.20","17","3.40","10.30","14.53","-4.20","7.80","11.76","-4.00","4.88","0.01","-0.20","0.54","9","1","-2","0"
"Maxx Williams","TE","ARI","71","11","7.81","10","6.45","70.96%","0.91","84.43","113","0.09","0","21.30","16.77","4.50","16.30","12.86","3.40","64","6.40","21.30","16.77","4.50","16.30","12.86","3.40","0.00","0.00","0.00","0.00","11","0","0","0"
"Jeff Smith","WR","NYJ","71","4","2.22","2","17.75","55.42%","0.50","47.66","48","0.03","0","6.80","7.18","-0.40","5.80","6.07","-0.30","6","3.00","6.80","7.18","-0.40","5.80","6.07","-0.30","0.00","0.00","0.00","0.00","4","0","0","0"
"Brandon Aiyuk","WR","SF","70","8","4.75","5","8.75","59.40%","0.63","55.21","43","1.37","1","15.30","18.51","-3.20","12.80","16.13","-3.30","1","0.20","16.10","18.94","-2.80","13.60","16.56","-3.00","3.93","0.01","0.80","0.43","9","1","8","0"
"Eric Ebron","TE","PIT","70","7","3.91","1","10.00","55.89%","0.14","55.29","19","0.74","0","2.90","13.90","-11.00","2.40","11.94","-9.50","2","2.00","2.90","13.90","-11.00","2.40","11.94","-9.50","0.00","0.00","0.00","0.00","7","0","0","0"
"Pharaoh Brown","TE","HOU","70","6","3.98","4","11.67","66.25%","0.67","55.86","67","0.11","0","10.70","10.20","0.50","8.70","8.22","0.50","34","8.50","10.70","10.20","0.50","8.70","8.22","0.50","0.00","0.00","0.00","0.00","6","0","0","0"
"Allen Lazard","WR","GB","70","5","3.14","3","14.00","62.82%","0.60","57.01","58","0.09","0","8.80","9.38","-0.60","7.30","7.81","-0.50","21","7.00","8.80","9.38","-0.60","7.30","7.81","-0.50","0.00","0.00","0.00","0.00","5","0","0","0"
"Dallas Goedert","TE","PHI","69","11","7.09","8","6.27","64.47%","0.73","74.44","132","0.89","1","27.20","19.85","7.40","23.20","16.30","6.90","84","10.50","27.20","19.85","7.40","23.20","16.30","6.90","0.00","0.00","0.00","0.00","11","0","0","0"
"Parris Campbell","WR","IND","67","7","4.68","3","9.57","66.86%","0.43","63.13","33","0.05","0","6.30","11.28","-5.00","4.80","8.94","-4.10","5","1.67","6.30","11.28","-5.00","4.80","8.94","-4.10","0.00","0.00","0.00","0.00","7","0","0","0"
"Devin Duvernay","WR","BAL","66","5","2.92","3","13.20","58.32%","0.60","43.10","28","0.37","1","11.80","9.47","2.30","10.30","8.01","2.30","10","3.33","11.80","9.47","2.30","10.30","8.01","2.30","0.00","0.00","0.00","0.00","5","0","0","0"
"Jordan Akins","TE","HOU","65","9","5.70","5","7.22","63.37%","0.56","60.66","49","0.81","0","9.90","16.62","-6.70","7.40","13.77","-6.40","0","0.00","9.90","16.62","-6.70","7.40","13.77","-6.40","0.00","0.00","0.00","0.00","9","0","0","0"
"Mohamed Sanu Sr.","WR","SF","65","8","5.34","4","8.13","66.71%","0.50","62.33","43","0.22","0","8.30","12.91","-4.60","6.30","10.24","-3.90","0","0.00","8.30","12.91","-4.60","6.30","10.24","-3.90","0.00","0.00","0.00","0.00","8","0","0","0"
"Adam Humphries","WR","TEN","64","14","10.48","10","4.57","74.85%","0.71","104.42","61","0.11","0","16.10","21.56","-5.50","11.10","16.32","-5.20","41","4.10","16.10","21.56","-5.50","11.10","16.32","-5.20","0.00","0.00","0.00","0.00","14","0","0","0"
"Trent Sherfield","WR","ARI","64","6","3.70","3","10.67","61.70%","0.50","52.63","32","0.53","1","12.20","12.12","0.10","10.70","10.27","0.40","7","2.33","12.20","12.12","0.10","10.70","10.27","0.40","0.00","0.00","0.00","0.00","6","0","0","0"
"Ty Johnson","RB","DET","59","8","5.71","2","7.38","71.33%","0.25","67.70","17","0.06","0","3.70","12.85","-9.20","2.70","10.00","-7.30","11","5.50","11.90","24.24","-12.30","10.90","21.38","-10.50","86.13","0.46","8.20","11.39","27","19","82","0"
"James O'Shaughnessy","TE","JAX","59","9","6.50","7","6.56","72.17%","0.78","75.51","72","0.07","0","14.20","14.47","-0.30","10.70","11.23","-0.50","27","3.86","14.20","14.47","-0.30","10.70","11.23","-0.50","0.00","0.00","0.00","0.00","9","0","0","0"
"Freddie Swain","WR","SEA","58","8","5.49","6","7.25","68.63%","0.75","62.58","105","0.09","1","22.50","12.30","10.20","19.50","9.56","9.90","62","10.33","24.60","13.72","10.90","21.60","10.98","10.60","13.69","0.01","2.10","1.42","11","3","21","0"
"Kyle Rudolph","TE","MIN","57","7","4.22","4","8.14","60.30%","0.57","46.31","33","0.65","0","7.30","12.74","-5.40","5.30","10.63","-5.30","3","0.75","7.30","12.74","-5.40","5.30","10.63","-5.30","0.00","0.00","0.00","0.00","7","0","0","0"
"Randall Cobb","WR","HOU","57","5","2.85","4","11.40","56.94%","0.80","39.95","58","0.51","0","9.80","9.89","-0.10","7.80","8.47","-0.70","4","1.00","9.90","10.46","-0.60","7.90","9.04","-1.10","4.83","0.01","0.10","0.57","6","1","1","0"
"Donovan Peoples-Jones","WR","CLE","57","4","2.48","4","14.25","61.88%","1.00","45.00","57","0.03","0","9.70","7.14","2.60","7.70","5.90","1.80","0","0.00","9.70","7.14","2.60","7.70","5.90","1.80","0.00","0.00","0.00","0.00","4","0","0","0"
"Austin Hooper","TE","CLE","56","11","7.45","10","5.09","67.69%","0.91","66.87","86","0.87","1","24.60","19.36","5.20","19.60","15.63","4.00","34","3.40","24.60","19.36","5.20","19.60","15.63","4.00","0.00","0.00","0.00","0.00","11","0","0","0"
"Cole Kmet","TE","CHI","55","12","8.85","7","4.58","73.73%","0.58","83.90","53","0.04","0","12.30","17.50","-5.20","8.80","13.08","-4.30","31","4.43","12.30","17.50","-5.20","8.80","13.08","-4.30","0.00","0.00","0.00","0.00","12","0","0","0"
"Blake Jarwin","TE","DAL","54","9","6.26","8","6.00","69.50%","0.89","60.61","71","0.43","0","15.10","14.92","0.20","11.10","11.79","-0.70","27","3.38","15.10","14.92","0.20","11.10","11.79","-0.70","0.00","0.00","0.00","0.00","9","0","0","0"
"Mike Strachan","WR","IND","54","3","1.46","2","18.00","48.60%","0.67","28.36","26","0.27","0","4.60","5.90","-1.30","3.60","5.17","-1.60","0","0.00","4.60","5.90","-1.30","3.60","5.17","-1.60","0.00","0.00","0.00","0.00","3","0","0","0"
"Nick Westbrook-Ikhine","WR","TEN","53","7","4.54","6","7.57","64.84%","0.86","49.76","69","0.34","1","18.90","11.58","7.30","15.90","9.31","6.60","25","4.17","18.90","11.58","7.30","15.90","9.31","6.60","0.00","0.00","0.00","0.00","7","0","0","0"
"C.J. Board","WR","NYG","52","3","1.49","2","17.33","49.80%","0.67","27.13","44","0.30","0","6.40","6.01","0.40","5.40","5.26","0.10","4","2.00","7.00","6.53","0.50","6.00","5.78","0.20","4.68","0.01","0.60","0.52","4","1","6","0"
"James White","RB","NE","51","14","10.71","12","3.64","76.48%","0.86","101.21","94","0.16","0","21.40","21.81","-0.40","15.40","16.46","-1.10","70","5.83","31.20","27.40","3.80","25.20","22.04","3.20","44.35","0.19","9.80","5.59","24","10","38","1"
"Albert Wilson","WR","MIA","50","8","5.40","4","6.25","67.50%","0.50","52.07","20","0.53","0","6.00","13.80","-7.80","4.00","11.10","-7.10","11","2.75","6.00","13.80","-7.80","4.00","11.10","-7.10","0.00","0.00","0.00","0.00","8","0","0","0"
"Chris Conley","WR","JAX","48","5","3.33","3","9.60","66.66%","0.60","44.00","40","0.03","0","7.00","7.93","-0.90","5.50","6.26","-0.80","14","4.67","7.00","7.93","-0.90","5.50","6.26","-0.80","0.00","0.00","0.00","0.00","5","0","0","0"
"Kenyan Drake","RB","ARI","47","17","12.91","13","2.76","75.95%","0.77","114.25","138","0.13","0","26.80","25.12","1.70","20.30","18.67","1.60","117","9.00","31.20","36.66","-5.50","24.70","30.20","-5.50","93.95","0.36","4.40","11.54","38","21","44","0"
"Foster Moreau","TE","LV","44","5","3.08","3","8.80","61.62%","0.60","36.48","42","0.42","1","13.20","9.22","4.00","11.70","7.68","4.00","9","3.00","13.20","9.22","4.00","11.70","7.68","4.00","0.00","0.00","0.00","0.00","5","0","0","0"
"Rondale Moore","WR","ARI","43","15","11.42","13","2.87","76.16%","0.87","102.43","183","0.84","1","37.30","26.73","10.60","30.80","21.02","9.80","162","12.46","37.60","28.55","9.00","31.10","22.84","8.30","1.68","0.28","0.30","1.82","16","1","3","0"
"Rashard Higgins","WR","CLE","43","4","2.65","4","10.75","66.15%","1.00","39.73","51","0.01","0","9.10","6.65","2.40","7.10","5.33","1.80","0","0.00","9.10","6.65","2.40","7.10","5.33","1.80","0.00","0.00","0.00","0.00","4","0","0","0"
"Tyler Kroft","TE","BUF","42","9","6.71","6","4.67","74.53%","0.67","65.18","46","0.02","0","10.60","13.35","-2.80","7.60","10.00","-2.40","20","3.33","10.60","13.35","-2.80","7.60","10.00","-2.40","0.00","0.00","0.00","0.00","9","0","0","0"
"Michael Gallup","WR","DAL","42","7","4.86","4","6.00","69.39%","0.57","49.22","36","0.34","0","7.60","11.79","-4.20","5.60","9.36","-3.80","26","6.50","7.60","11.79","-4.20","5.60","9.36","-3.80","0.00","0.00","0.00","0.00","7","0","0","0"
"Zay Jones","WR","LV","42","3","1.80","3","14.00","60.10%","1.00","29.83","61","0.22","1","15.10","6.10","9.00","13.60","5.20","8.40","19","6.33","15.10","6.10","9.00","13.60","5.20","8.40","0.00","0.00","0.00","0.00","3","0","0","0"
"Tyron Johnson","WR","LAC","41","2","1.19","1","20.50","59.25%","0.50","19.74","6","0.15","0","1.60","4.07","-2.50","1.10","3.48","-2.40","9","9.00","1.60","4.07","-2.50","1.10","3.48","-2.40","0.00","0.00","0.00","0.00","2","0","0","0"
"Evan Engram","TE","NYG","40","6","4.12","2","6.67","68.65%","0.33","45.47","21","0.21","0","4.10","9.90","-5.80","3.10","7.84","-4.70","3","1.50","4.10","9.90","-5.80","3.10","7.84","-4.70","0.00","0.00","0.00","0.00","6","0","0","0"
"Cameron Brate","TE","TB","39","6","4.45","5","6.50","74.15%","0.83","46.82","43","0.13","0","9.30","9.92","-0.60","6.80","7.69","-0.90","24","4.80","9.30","9.92","-0.60","6.80","7.69","-0.90","0.00","0.00","0.00","0.00","6","0","0","0"
"Mike Thomas","WR","CIN","39","4","2.68","2","9.75","66.90%","0.50","32.60","24","0.20","0","4.40","7.13","-2.70","3.40","5.79","-2.40","10","5.00","4.40","7.13","-2.70","3.40","5.79","-2.40","0.00","0.00","0.00","0.00","4","0","0","0"
"Penny Hart","WR","SEA","39","2","1.20","1","19.50","59.85%","0.50","19.13","7","0.23","0","1.70","4.50","-2.80","1.20","3.90","-2.70","11","11.00","1.70","4.50","-2.80","1.20","3.90","-2.70","0.00","0.00","0.00","0.00","2","0","0","0"
"Salvon Ahmed","RB","MIA","38","6","4.32","2","6.33","71.95%","0.33","45.92","24","0.13","0","4.40","9.68","-5.30","3.40","7.52","-4.10","0","0.00","6.50","13.99","-7.50","5.50","11.83","-6.30","39.91","0.05","2.10","4.32","15","9","21","0"
"Tyler Higbee","TE","LAR","36","12","8.91","11","3.00","74.22%","0.92","74.58","116","0.81","1","28.60","21.21","7.40","23.10","16.76","6.30","85","7.73","28.60","21.21","7.40","23.10","16.76","6.30","0.00","0.00","0.00","0.00","12","0","0","0"
"Kyle Juszczyk","RB","SF","36","8","5.92","7","4.50","73.95%","0.88","52.31","59","0.29","1","18.90","12.88","6.00","15.40","9.92","5.50","20","2.86","20.50","17.31","3.20","17.00","14.36","2.60","22.23","0.37","1.60","4.44","14","6","16","0"
"Lil'Jordan Humphrey","WR","NO","36","2","1.14","1","18.00","56.85%","0.50","26.41","27","0.00","0","3.70","3.78","-0.10","3.20","3.21","0.00","9","9.00","3.70","3.78","-0.10","3.20","3.21","0.00","0.00","0.00","0.00","0.00","2","0","0","0"
"Adam Trautman","TE","NO","35","7","5.02","3","5.00","71.70%","0.43","47.94","18","0.22","0","4.80","11.11","-6.30","3.30","8.60","-5.30","11","3.67","4.80","11.11","-6.30","3.30","8.60","-5.30","0.00","0.00","0.00","0.00","7","0","0","0"
"J.D. McKissic","RB","WAS","34","9","6.57","7","3.78","72.97%","0.78","60.23","98","0.01","0","16.80","12.64","4.20","13.30","9.36","3.90","63","9.00","26.90","18.50","8.40","23.40","15.22","8.20","31.58","0.45","10.10","5.86","17","8","41","1"
"Ryan Griffin","TE","NYJ","34","9","6.74","6","3.78","74.90%","0.67","58.63","37","0.04","0","9.70","12.82","-3.10","6.70","9.45","-2.70","16","2.67","9.70","12.82","-3.10","6.70","9.45","-2.70","0.00","0.00","0.00","0.00","9","0","0","0"
"MyCole Pruitt","TE","TEN","34","4","2.75","4","8.50","68.85%","1.00","33.51","50","0.01","0","9.00","6.14","2.90","7.00","4.76","2.20","16","4.00","9.00","6.14","2.90","7.00","4.76","2.20","0.00","0.00","0.00","0.00","4","0","0","0"
"Laquon Treadwell","WR","ATL","32","1","0.26","0","32.00","25.80%","0.00","8.60","0","0.21","0","0.00","2.38","-2.40","0.00","2.26","-2.30","0","","0.00","2.38","-2.40","0.00","2.26","-2.30","0.00","0.00","0.00","0.00","1","0","0","0"
"Gerald Everett","TE","LAR","31","9","6.59","8","3.44","73.27%","0.89","58.10","77","0.25","1","21.70","13.90","7.80","17.70","10.60","7.10","56","7.00","21.70","13.90","7.80","17.70","10.60","7.10","0.00","0.00","0.00","0.00","9","0","0","0"
"Nico Collins","WR","HOU","30","4","2.66","2","7.50","66.45%","0.50","28.62","39","0.44","0","5.90","8.16","-2.30","4.90","6.83","-1.90","23","11.50","5.90","8.16","-2.30","4.90","6.83","-1.90","0.00","0.00","0.00","0.00","4","0","0","0"
"Malik Taylor","WR","GB","30","3","1.86","2","10.00","61.90%","0.67","24.18","14","0.28","0","3.40","5.93","-2.50","2.40","5.00","-2.60","8","4.00","3.40","5.93","-2.50","2.40","5.00","-2.60","0.00","0.00","0.00","0.00","3","0","0","0"
"Cam Sims","WR","WAS","30","3","1.99","2","10.00","66.40%","0.67","27.78","32","0.00","0","5.20","4.79","0.40","4.20","3.79","0.40","6","3.00","5.90","5.31","0.60","4.90","4.31","0.60","4.51","0.01","0.70","0.52","4","1","7","0"
"Denzel Mims","WR","NYJ","30","1","0.35","1","30.00","35.10%","1.00","12.90","40","0.04","0","5.00","1.91","3.10","4.50","1.73","2.80","10","10.00","5.00","1.91","3.10","4.50","1.73","2.80","0.00","0.00","0.00","0.00","1","0","0","0"
"Alec Ingold","RB","LV","29","6","4.17","5","4.83","69.50%","0.83","35.98","23","0.71","1","13.30","12.05","1.30","10.80","9.96","0.80","11","2.20","13.30","15.20","-1.90","10.80","13.12","-2.30","0.23","0.52","0.00","3.16","7","1","0","0"
"Mo Alie-Cox","TE","IND","29","6","4.54","3","4.83","75.70%","0.50","43.86","32","0.04","0","6.20","9.14","-2.90","4.70","6.87","-2.20","34","11.33","6.20","9.14","-2.90","4.70","6.87","-2.20","0.00","0.00","0.00","0.00","6","0","0","0"
"Will Dissly","TE","SEA","29","4","2.75","4","7.25","68.78%","1.00","31.97","76","0.03","0","11.60","6.14","5.50","9.60","4.77","4.80","47","11.75","11.60","6.14","5.50","9.60","4.77","4.80","0.00","0.00","0.00","0.00","4","0","0","0"
"Brandon Zylstra","WR","CAR","29","3","2.00","3","9.67","66.60%","1.00","26.08","44","0.12","1","13.40","5.32","8.10","11.90","4.32","7.60","15","5.00","13.40","5.32","8.10","11.90","4.32","7.60","0.00","0.00","0.00","0.00","3","0","0","0"
"Keelan Cole","WR","JAX","29","2","1.24","2","14.50","61.95%","1.00","21.16","30","0.01","0","5.00","3.44","1.60","4.00","2.82","1.20","1","0.50","5.00","3.44","1.60","4.00","2.82","1.20","0.00","0.00","0.00","0.00","2","0","0","0"
"Andre Roberts","WR","BUF","29","2","1.11","1","14.50","55.65%","0.50","21.16","35","0.02","0","4.50","3.34","1.20","4.00","2.78","1.20","16","16.00","4.50","3.34","1.20","4.00","2.78","1.20","0.00","0.00","0.00","0.00","2","0","0","0"
"James Proche II","WR","BAL","29","1","0.32","1","29.00","32.10%","1.00","12.89","29","0.02","0","3.90","1.72","2.20","3.40","1.56","1.80","0","0.00","3.90","1.72","2.20","3.40","1.56","1.80","0.00","0.00","0.00","0.00","1","0","0","0"
"Geoff Swaim","TE","TEN","28","7","5.14","5","4.00","73.41%","0.71","40.47","37","0.59","0","8.70","12.75","-4.10","6.20","10.18","-4.00","24","4.80","8.70","12.75","-4.10","6.20","10.18","-4.00","0.00","0.00","0.00","0.00","7","0","0","0"
"Anthony Miller","WR","CHI","28","6","4.42","4","4.67","73.60%","0.67","41.02","20","0.62","1","12.00","12.21","-0.20","10.00","10.00","0.00","5","1.25","12.00","12.21","-0.20","10.00","10.00","0.00","0.00","0.00","0.00","0.00","6","0","0","0"
"Luke Farrell","TE","JAX","27","3","1.97","2","9.00","65.80%","0.67","25.79","5","0.02","0","2.50","4.66","-2.20","1.50","3.67","-2.20","-4","-2.00","2.50","4.66","-2.20","1.50","3.67","-2.20","0.00","0.00","0.00","0.00","3","0","0","0"
"Chris Manhertz","TE","CAR","27","2","1.13","1","13.50","56.25%","0.50","17.31","22","0.23","1","9.20","4.25","5.00","8.70","3.68","5.00","4","4.00","9.20","4.25","5.00","8.70","3.68","5.00","0.00","0.00","0.00","0.00","2","0","0","0"
"Ray-Ray McCloud III","WR","PIT","26","4","2.82","3","6.50","70.42%","0.75","31.01","33","0.01","0","6.30","5.99","0.30","4.80","4.58","0.20","9","3.00","6.30","5.99","0.30","4.80","4.58","0.20","0.00","0.00","0.00","0.00","4","0","0","0"
"Marcus Kemp","WR","KC","26","1","0.32","0","26.00","32.10%","0.00","8.86","0","0.25","0","0.00","2.72","-2.70","0.00","2.56","-2.60","0","","0.00","2.72","-2.70","0.00","2.56","-2.60","0.00","0.00","0.00","0.00","1","0","0","0"
"Jeremy McNichols","RB","TEN","25","9","6.71","7","2.78","74.57%","0.78","52.01","60","0.30","1","19.00","13.69","5.30","15.50","10.34","5.20","36","5.14","20.80","15.87","4.90","17.30","12.51","4.80","20.30","0.02","1.80","2.17","14","5","18","0"
"Chris Hogan","WR","NYJ","25","5","3.43","2","5.00","68.52%","0.40","35.42","26","0.40","1","10.60","9.34","1.30","9.60","7.63","2.00","9","4.50","10.60","9.34","1.30","9.60","7.63","2.00","0.00","0.00","0.00","0.00","5","0","0","0"
"Demetrius Harris","TE","CHI","25","3","1.65","0","8.33","54.90%","0.00","20.83","0","0.45","0","0.00","6.40","-6.40","0.00","5.58","-5.60","0","","0.00","6.40","-6.40","0.00","5.58","-5.60","0.00","0.00","0.00","0.00","3","0","0","0"
"","WR","MIN","25","3","2.10","2","8.33","70.00%","0.67","25.24","14","0.04","0","3.40","4.86","-1.50","2.40","3.81","-1.40","5","2.50","3.40","4.86","-1.50","2.40","3.81","-1.40","0.00","0.00","0.00","0.00","3","0","0","0"
"Joshua Palmer","WR","LAC","25","3","2.12","3","8.33","70.70%","1.00","26.84","38","0.01","0","6.80","4.86","1.90","5.30","3.80","1.50","13","4.33","6.80","4.86","1.90","5.30","3.80","1.50","0.00","0.00","0.00","0.00","3","0","0","0"
"Tommy Tremble","TE","CAR","25","1","0.37","1","25.00","37.20%","1.00","11.25","30","0.05","0","4.00","1.82","2.20","3.50","1.63","1.90","5","5.00","10.70","2.81","7.90","10.20","2.63","7.60","2.57","0.12","6.70","1.00","2","1","7","1"
"Danny Amendola","WR","DET","24","6","4.61","6","4.00","76.80%","1.00","41.94","43","0.39","1","16.30","11.12","5.20","13.30","8.82","4.50","19","3.17","16.30","11.12","5.20","13.30","8.82","4.50","0.00","0.00","0.00","0.00","6","0","0","0"
"Ashton Dulin","WR","IND","24","2","1.17","1","12.00","58.50%","0.50","14.61","10","0.27","0","2.00","4.25","-2.30","1.50","3.67","-2.20","14","14.00","1.30","4.75","-3.50","0.80","4.17","-3.40","4.98","0.00","-0.70","0.50","3","1","-7","0"
"Mark Ingram II","RB","BAL","23","4","2.92","2","5.75","72.98%","0.50","32.97","-2","0.15","0","1.80","7.09","-5.30","0.80","5.63","-4.80","1","0.50","22.50","42.38","-19.90","21.50","40.92","-19.40","182.43","2.84","20.70","35.29","50","46","147","1"
"Josh Oliver","TE","BAL","23","3","1.71","2","7.67","56.90%","0.67","15.87","15","0.45","0","3.50","5.99","-2.50","2.50","5.13","-2.60","6","3.00","3.50","5.99","-2.50","2.50","5.13","-2.60","0.00","0.00","0.00","0.00","3","0","0","0"
"O.J. Howard","TE","TB","23","2","1.30","2","11.50","65.10%","1.00","19.08","32","0.04","0","5.20","3.46","1.70","4.20","2.81","1.40","9","4.50","5.20","3.46","1.70","4.20","2.81","1.40","0.00","0.00","0.00","0.00","2","0","0","0"
"Brandon Bolden","RB","NE","22","4","3.06","3","5.50","76.50%","0.75","30.92","23","0.09","0","5.30","6.67","-1.40","3.80","5.14","-1.30","15","5.00","5.70","9.06","-3.40","4.20","7.53","-3.30","14.89","0.15","0.40","2.39","8","4","4","0"
"Darren Fells","TE","HOU","22","4","2.89","3","5.50","72.15%","0.75","28.94","37","0.01","0","6.70","5.87","0.80","5.20","4.43","0.80","23","7.67","6.70","5.87","0.80","5.20","4.43","0.80","0.00","0.00","0.00","0.00","4","0","0","0"
"Kaden Smith","TE","NYG","22","3","2.22","3","7.33","74.10%","1.00","26.75","33","0.01","0","6.30","4.97","1.30","4.80","3.86","0.90","11","3.67","6.30","4.97","1.30","4.80","3.86","0.90","0.00","0.00","0.00","0.00","3","0","0","0"
"Phillip Dorsett II","WR","JAX","22","1","0.48","0","22.00","48.00%","0.00","13.60","0","0.03","0","0.00","2.04","-2.00","0.00","1.80","-1.80","0","","0.00","2.04","-2.00","0.00","1.80","-1.80","0.00","0.00","0.00","0.00","1","0","0","0"
"Ty'Son Williams","RB","BAL","21","7","5.26","5","3.00","75.09%","0.71","41.40","45","0.51","0","9.50","12.48","-3.00","7.00","9.85","-2.90","44","8.80","37.90","28.25","9.70","35.40","25.62","9.80","122.57","0.58","28.40","15.77","34","27","164","2"
"Hayden Hurst","TE","ATL","21","6","4.46","5","3.50","74.35%","0.83","35.70","34","0.09","0","8.40","8.55","-0.10","5.90","6.32","-0.40","18","3.60","8.40","8.55","-0.10","5.90","6.32","-0.40","0.00","0.00","0.00","0.00","6","0","0","0"
"Ricky Seals-Jones","TE","KC","19","1","0.34","1","19.00","34.20%","1.00","6.56","19","0.32","1","8.90","2.91","6.00","8.40","2.73","5.70","0","0.00","8.90","2.91","6.00","8.40","2.73","5.70","0.00","0.00","0.00","0.00","1","0","0","0"
"Devin Smith","WR","JAX","19","1","0.54","0","19.00","53.70%","0.00","12.74","0","0.00","0","0.00","1.83","-1.80","0.00","1.56","-1.60","0","","0.00","1.83","-1.80","0.00","1.56","-1.60","0.00","0.00","0.00","0.00","1","0","0","0"
"Peyton Barber","RB","WAS","18","5","3.71","3","3.60","74.10%","0.60","32.64","31","0.31","0","6.10","8.86","-2.80","4.60","7.01","-2.40","38","12.67","26.40","31.11","-4.70","24.90","29.25","-4.40","151.74","1.18","20.30","22.25","41","36","143","1"
"Russell Gage","WR","ATL","18","9","6.62","5","2.00","73.50%","0.56","50.27","28","0.70","0","7.80","15.83","-8.00","5.30","12.52","-7.20","23","4.60","7.80","15.83","-8.00","5.30","12.52","-7.20","0.00","0.00","0.00","0.00","9","0","0","0"
"Stephen Anderson","TE","LAC","18","4","2.66","3","4.50","66.60%","0.75","24.96","10","0.20","0","4.00","6.37","-2.40","2.50","5.04","-2.50","8","2.67","4.00","6.37","-2.40","2.50","5.04","-2.50","0.00","0.00","0.00","0.00","4","0","0","0"
"K.J. Hill Jr.","WR","LAC","18","3","2.26","3","6.00","75.20%","1.00","24.52","30","0.01","0","6.00","4.76","1.20","4.50","3.63","0.90","12","4.00","6.00","4.76","1.20","4.50","3.63","0.90","0.00","0.00","0.00","0.00","3","0","0","0"
"Scotty Miller","WR","TB","18","3","2.13","2","6.00","71.10%","0.67","23.63","11","0.01","0","3.10","4.59","-1.50","2.10","3.52","-1.40","8","4.00","3.10","4.59","-1.50","2.10","3.52","-1.40","0.00","0.00","0.00","0.00","3","0","0","0"
"Demetric Felton","RB","CLE","17","5","3.81","4","3.40","76.20%","0.80","35.35","64","0.12","1","16.40","8.08","8.30","14.40","6.17","8.20","69","17.25","16.40","8.08","8.30","14.40","6.17","8.20","0.00","0.00","0.00","0.00","5","0","0","0"
"C.J. Uzomah","TE","CIN","17","5","3.76","4","3.40","75.12%","0.80","35.55","39","0.02","0","7.90","7.45","0.40","5.90","5.58","0.30","25","6.25","7.90","7.45","0.40","5.90","5.58","0.30","0.00","0.00","0.00","0.00","5","0","0","0"
"Anthony Firkser","TE","TEN","17","4","3.09","3","4.25","77.25%","0.75","27.50","19","0.01","0","4.90","5.93","-1.00","3.40","4.38","-1.00","5","1.67","4.90","5.93","-1.00","3.40","4.38","-1.00","0.00","0.00","0.00","0.00","4","0","0","0"
"Reggie Gilliam","TE","BUF","17","1","0.30","0","17.00","30.00%","0.00","5.12","0","0.29","0","0.00","2.52","-2.50","0.00","2.37","-2.40","0","","0.20","3.73","-3.50","0.20","3.58","-3.40","7.18","0.08","0.20","1.20","3","2","2","0"
"Robert Tonyan","TE","GB","16","8","5.91","6","2.00","73.91%","0.75","43.15","66","0.65","1","18.60","14.13","4.50","15.60","11.18","4.40","54","9.00","18.60","14.13","4.50","15.60","11.18","4.40","0.00","0.00","0.00","0.00","8","0","0","0"
"James Robinson","RB","JAX","15","16","12.31","13","0.94","76.91%","0.81","101.11","92","0.04","0","22.20","22.65","-0.40","15.70","16.50","-0.80","94","7.23","44.20","39.51","4.70","37.70","33.35","4.30","140.33","0.47","22.00","16.86","47","31","160","1"
"Donald Parham Jr.","TE","LAC","15","2","1.08","1","7.50","54.15%","0.50","10.80","19","0.49","0","2.90","5.12","-2.20","2.40","4.58","-2.20","7","7.00","2.90","5.12","-2.20","2.40","4.58","-2.20","0.00","0.00","0.00","0.00","2","0","0","0"
"Isaiah McKenzie","WR","BUF","15","2","1.29","1","7.50","64.50%","0.50","15.60","1","0.05","0","1.10","3.17","-2.10","0.60","2.53","-1.90","2","2.00","1.60","4.01","-2.40","1.10","3.37","-2.30","7.87","0.01","0.50","0.84","4","2","5","0"
"Greg Ward","WR","PHI","15","1","0.32","1","15.00","32.40%","1.00","4.86","15","0.32","1","8.50","2.74","5.80","8.00","2.57","5.40","0","0.00","8.50","2.74","5.80","8.00","2.57","5.40","0.00","0.00","0.00","0.00","1","0","0","0"
"Devin Singletary","RB","BUF","14","10","7.37","6","1.40","73.74%","0.60","59.83","17","0.42","0","7.70","15.91","-8.20","4.70","12.22","-7.50","25","4.17","31.70","35.99","-4.30","28.70","32.30","-3.60","150.76","0.83","24.00","20.08","45","35","180","1"
"Albert Okwuegbunam","TE","DEN","14","8","6.22","8","1.75","77.70%","1.00","43.04","46","0.57","1","18.60","13.93","4.70","14.60","10.82","3.80","32","4.00","18.60","13.93","4.70","14.60","10.82","3.80","0.00","0.00","0.00","0.00","8","0","0","0"
"Jarvis Landry","WR","CLE","14","6","4.57","6","2.33","76.10%","1.00","39.32","93","0.02","0","15.30","8.60","6.70","12.30","6.32","6.00","66","11.00","22.60","11.15","11.40","19.60","8.87","10.70","5.69","0.33","7.30","2.55","8","2","13","1"
"Amari Rodgers","WR","GB","14","1","0.60","1","14.00","60.00%","1.00","10.56","19","0.00","0","2.90","1.66","1.20","2.40","1.36","1.00","5","5.00","2.90","1.66","1.20","2.40","1.36","1.00","0.00","0.00","0.00","0.00","1","0","0","0"
"Derrick Henry","RB","TEN","13","13","10.47","12","1.00","80.52%","0.92","81.80","105","0.12","0","22.50","19.34","3.20","16.50","14.11","2.40","96","8.00","75.80","69.86","5.90","69.80","64.62","5.20","338.30","2.78","53.30","50.52","93","80","353","3"
"Keith Smith","RB","ATL","13","4","3.09","3","3.25","77.33%","0.75","27.13","18","0.01","0","4.80","5.84","-1.00","3.30","4.29","-1.00","8","2.67","6.40","7.98","-1.60","4.90","6.43","-1.50","20.67","0.01","1.60","2.14","8","4","16","0"
"Jody Fortson","WR","KC","13","3","1.93","3","4.33","64.30%","1.00","14.73","18","0.51","1","10.80","6.47","4.30","9.30","5.50","3.80","5","1.67","10.80","6.47","4.30","9.30","5.50","3.80","0.00","0.00","0.00","0.00","3","0","0","0"
"Damiere Byrd","WR","NE","13","3","2.26","3","4.33","75.40%","1.00","23.13","19","0.03","0","4.90","4.74","0.20","3.40","3.60","-0.20","6","2.00","4.90","4.74","0.20","3.40","3.60","-0.20","0.00","0.00","0.00","0.00","3","0","0","0"
"Tyrell Williams","WR","DET","13","3","2.24","2","4.30","74.60%","0.67","19.70","14","0.06","0","3.40","4.56","-1.20","2.40","3.45","-1.00","8","4.00","3.40","4.56","-1.20","2.40","3.45","-1.00","0.00","0.00","0.00","0.00","3","0","0","0"
"Cody White","WR","PIT","13","2","1.48","2","6.50","73.95%","1.00","16.55","17","0.00","0","3.70","3.13","0.60","2.70","2.39","0.30","4","2.00","3.70","3.13","0.60","2.70","2.39","0.30","0.00","0.00","0.00","0.00","2","0","0","0"
"Chris Herndon","TE","NYJ","13","2","1.48","0","6.50","74.10%","0.00","15.63","0","0.01","0","0.00","3.12","-3.10","0.00","2.38","-2.40","0","","0.00","3.12","-3.10","0.00","2.38","-2.40","0.00","0.00","0.00","0.00","2","0","0","0"
"Racey McMath","WR","TEN","13","1","0.47","0","13.00","46.50%","0.00","6.94","0","0.24","0","0.00","2.60","-2.60","0.00","2.37","-2.40","0","","0.00","2.60","-2.60","0.00","2.37","-2.40","0.00","0.00","0.00","0.00","1","0","0","0"
"Cameron Batson","WR","TEN","13","1","0.66","1","13.00","66.30%","1.00","11.11","13","0.02","0","2.30","1.88","0.40","1.80","1.55","0.30","0","0.00","2.30","1.88","0.40","1.80","1.55","0.30","0.00","0.00","0.00","0.00","1","0","0","0"
"Christian McCaffrey","RB","CAR","12","17","13.60","16","0.71","79.99%","0.94","105.07","163","0.12","0","32.30","24.82","7.50","24.30","18.02","6.30","151","9.44","58.40","59.56","-1.20","50.40","52.76","-2.40","220.48","2.12","26.10","34.74","69","52","201","1"
"Willie Snead IV","WR","BAL","12","2","1.17","1","6.00","58.65%","0.50","10.43","14","0.42","0","2.40","4.75","-2.30","1.90","4.16","-2.30","7","7.00","2.40","4.75","-2.30","1.90","4.16","-2.30","0.00","0.00","0.00","0.00","2","0","0","0"
"Chase Edmonds","RB","ARI","11","17","13.63","16","0.65","80.19%","0.94","101.06","121","0.27","0","28.10","25.36","2.70","20.10","18.54","1.60","120","7.50","41.60","43.17","-1.60","33.60","36.36","-2.80","136.72","0.69","13.50","17.81","48","31","135","0"
"Jake Kumerow","WR","BUF","11","1","0.34","0","11.00","33.60%","0.00","3.70","0","0.33","0","0.00","2.70","-2.70","0.00","2.53","-2.50","0","","0.00","2.70","-2.70","0.00","2.53","-2.50","0.00","0.00","0.00","0.00","1","0","0","0"
"Alex Erickson","WR","CIN","11","1","0.66","1","11.00","66.30%","1.00","9.70","25","0.02","0","3.50","1.76","1.70","3.00","1.43","1.60","14","14.00","3.50","1.76","1.70","3.00","1.43","1.60","0.00","0.00","0.00","0.00","1","0","0","0"
"Ian Thomas","TE","CAR","10","4","2.76","2","2.50","69.00%","0.50","21.06","24","0.39","0","4.40","7.18","-2.80","3.40","5.80","-2.40","23","11.50","4.40","7.18","-2.80","3.40","5.80","-2.40","0.00","0.00","0.00","0.00","4","0","0","0"
"Patrick Ricard","RB","BAL","10","3","2.35","2","3.33","78.20%","0.67","20.09","15","0.01","0","3.50","4.41","-0.90","2.50","3.24","-0.70","6","3.00","3.70","4.86","-1.20","2.70","3.68","-1.00","3.76","0.01","0.20","0.45","4","1","2","0"
"Giovani Bernard","RB","CIN","9","15","11.89","13","0.60","79.24%","0.87","90.96","79","0.79","1","26.90","25.71","1.20","20.40","19.76","0.60","97","7.46","26.90","25.71","1.20","20.40","19.76","0.60","0.00","0.00","0.00","0.00","15","0","0","0"
"KhaDarel Hodge","WR","CLE","9","1","0.56","1","9.00","56.40%","1.00","6.17","9","0.22","0","1.90","2.50","-0.60","1.40","2.22","-0.80","0","0.00","1.90","2.50","-0.60","1.40","2.22","-0.80","0.00","0.00","0.00","0.00","1","0","0","0"
"Kendall Hinton","QB","DEN","9","1","0.66","1","9.00","65.70%","1.00","8.05","15","0.02","0","2.50","1.57","0.90","2.00","1.24","0.80","6","6.00","2.50","1.57","0.90","2.00","1.24","0.80","0.00","0.00","0.00","0.00","1","0","0","0"
"Noah Brown","WR","DAL","9","1","0.65","1","9.00","65.40%","1.00","8.00","9","0.00","0","1.90","1.45","0.40","1.40","1.13","0.30","0","0.00","1.90","1.45","0.40","1.40","1.13","0.30","0.00","0.00","0.00","0.00","1","0","0","0"
"Alvin Kamara","RB","NO","8","14","11.20","10","0.57","79.99%","0.71","79.00","62","0.64","2","28.20","22.91","5.30","23.20","17.31","5.90","61","6.10","45.90","54.37","-8.50","40.90","48.77","-7.90","227.81","1.45","17.70","31.46","66","52","177","0"
"Austin Ekeler","RB","LAC","8","15","12.09","15","0.53","80.60%","1.00","92.02","113","0.20","1","32.30","22.49","9.80","24.80","16.44","8.40","105","7.00","54.90","44.59","10.30","47.40","38.55","8.90","142.41","1.31","22.60","22.11","50","35","166","1"
"A.J. Dillon","RB","GB","8","5","4.06","4","1.60","81.12%","0.80","32.78","23","0.00","0","6.30","7.35","-1.10","4.30","5.32","-1.00","17","4.25","11.80","14.68","-2.90","9.80","12.65","-2.90","66.27","0.12","5.50","7.33","20","15","55","0"
"Tony Jones Jr.","RB","NO","8","3","2.24","3","2.67","74.70%","1.00","16.14","13","0.29","0","4.30","5.60","-1.30","2.80","4.48","-1.70","0","0.00","11.20","14.00","-2.80","9.70","12.87","-3.20","74.57","0.16","6.90","8.39","19","16","69","0"
"Josh Jacobs","RB","LV","8","2","1.58","1","4.00","79.05%","0.50","14.15","6","0.01","0","1.60","3.03","-1.40","1.10","2.24","-1.10","4","4.00","17.00","9.90","7.10","16.50","9.11","7.40","36.47","0.54","15.40","6.87","12","10","34","2"
"Lee Smith","TE","BUF","8","4","2.91","4","2.00","72.68%","1.00","19.79","16","0.59","1","11.60","8.40","3.20","9.60","6.94","2.70","8","2.00","11.60","8.40","3.20","9.60","6.94","2.70","0.00","0.00","0.00","0.00","4","0","0","0"
"Jimmy Graham","TE","CHI","8","3","2.24","1","2.67","74.60%","0.33","18.47","11","0.25","0","2.10","5.58","-3.50","1.60","4.46","-2.90","1","1.00","2.10","5.58","-3.50","1.60","4.46","-2.90","0.00","0.00","0.00","0.00","3","0","0","0"
"Christian Blake","WR","ATL","8","1","0.76","1","8.00","75.90%","1.00","9.35","8","0.01","0","1.80","1.75","0.10","1.30","1.37","-0.10","0","0.00","1.80","1.75","0.10","1.30","1.37","-0.10","0.00","0.00","0.00","0.00","1","0","0","0"
"Auden Tate","WR","CIN","8","1","0.75","1","8.00","74.70%","1.00","9.29","14","0.00","0","2.40","1.68","0.70","1.90","1.30","0.60","6","6.00","2.40","1.68","0.70","1.90","1.30","0.60","0.00","0.00","0.00","0.00","1","0","0","0"
"Derek Carrier","TE","LV","7","2","1.54","2","3.50","77.10%","1.00","13.11","13","0.00","0","3.30","2.85","0.40","2.30","2.08","0.20","6","3.00","3.30","2.85","0.40","2.30","2.08","0.20","0.00","0.00","0.00","0.00","2","0","0","0"
"Cethan Carter","TE","CIN","7","1","0.63","1","7.00","62.70%","1.00","7.35","8","0.01","0","1.80","1.40","0.40","1.30","1.08","0.20","1","1.00","1.80","1.40","0.40","1.30","1.08","0.20","0.00","0.00","0.00","0.00","1","0","0","0"
"Dede Westbrook","WR","JAX","7","1","0.64","1","7.00","63.60%","1.00","7.01","11","0.01","0","2.10","1.37","0.70","1.60","1.06","0.50","4","4.00","2.10","1.37","0.70","1.60","1.06","0.50","0.00","0.00","0.00","0.00","1","0","0","0"
"Najee Harris","RB","PIT","6","27","21.39","20","0.22","79.22%","0.74","147.65","149","1.26","1","40.90","43.71","-2.80","30.90","33.02","-2.10","149","7.45","53.20","66.55","-13.40","43.20","55.86","-12.70","179.25","0.82","12.30","22.84","67","40","123","0"
"Carlos Hyde","RB","SEA","6","4","3.26","2","1.50","81.53%","0.50","25.14","14","0.02","0","3.40","5.90","-2.50","2.40","4.27","-1.90","16","8.00","12.90","15.15","-2.20","11.90","13.52","-1.60","85.44","0.12","9.50","9.25","23","19","95","0"
"Ameer Abdullah","RB","MIN","6","3","2.39","2","2.00","79.70%","0.67","20.17","15","0.00","0","3.50","4.43","-0.90","2.50","3.23","-0.70","13","6.50","6.30","7.61","-1.30","5.30","6.41","-1.10","30.57","0.02","2.80","3.18","9","6","28","0"
"Dee Eskridge","WR","SEA","6","1","0.75","1","6.00","75.30%","1.00","7.51","6","0.01","0","1.60","1.54","0.10","1.10","1.16","-0.10","0","0.00","3.80","2.56","1.20","3.30","2.18","1.10","9.62","0.01","2.20","1.02","3","2","22","0"
"Chuba Hubbard","RB","CAR","5","8","6.19","5","0.63","77.40%","0.63","41.77","31","0.72","0","8.10","14.70","-6.60","5.60","11.60","-6.00","22","4.40","14.30","25.96","-11.70","11.80","22.87","-11.10","82.38","0.50","6.20","11.26","27","19","62","0"
"Royce Freeman","RB","DEN","5","1","0.76","1","5.00","75.90%","1.00","6.73","8","0.00","0","1.80","1.43","0.40","1.30","1.05","0.20","3","3.00","3.50","6.83","-3.30","3.00","6.45","-3.50","17.80","0.60","1.70","5.40","6","5","17","0"
"C.J. Ham","RB","MIN","5","2","1.51","2","2.50","75.60%","1.00","12.34","9","0.00","0","2.90","2.75","0.20","1.90","1.99","-0.10","4","2.00","3.10","5.30","-2.20","2.10","4.54","-2.40","5.01","0.34","0.20","2.55","4","2","2","0"
"Chris Evans","RB","CIN","5","3","2.34","3","1.70","77.90%","1.00","18.55","40","0.00","0","7.00","4.21","2.80","5.50","3.04","2.50","35","11.67","7.00","4.21","2.80","5.50","3.04","2.50","0.00","0.00","0.00","0.00","3","0","0","0"
"Jakeem Grant Sr.","WR","MIA","5","1","0.65","1","5.00","65.40%","1.00","4.92","0","0.12","0","1.00","1.90","-0.90","0.50","1.57","-1.10","-5","-5.00","1.00","1.90","-0.90","0.50","1.57","-1.10","0.00","0.00","0.00","0.00","1","0","0","0"
"Marcedes Lewis","TE","GB","5","1","0.76","1","5.00","76.20%","1.00","6.88","19","0.00","0","2.90","1.47","1.40","2.40","1.09","1.30","14","14.00","2.90","1.47","1.40","2.40","1.09","1.30","0.00","0.00","0.00","0.00","1","0","0","0"
"Damien Harris","RB","NE","4","6","4.72","5","0.67","78.60%","0.83","35.03","16","0.03","0","6.60","8.38","-1.80","4.10","6.02","-1.90","16","3.20","30.20","36.10","-5.90","27.70","33.75","-6.00","194.45","1.38","23.60","27.73","51","45","176","1"
"Nyheim Hines","RB","IND","4","16","12.60","12","0.25","78.73%","0.75","93.16","109","0.13","0","22.90","22.68","0.20","16.90","16.38","0.50","106","8.83","35.30","31.91","3.40","29.30","25.61","3.70","70.90","0.36","12.40","9.23","32","16","64","1"
"Michael Carter","RB","NYJ","4","8","6.35","5","0.50","79.39%","0.63","48.88","48","0.04","0","9.80","11.45","-1.70","7.30","8.28","-1.00","51","10.20","18.70","25.47","-6.80","16.20","22.29","-6.10","107.54","0.54","8.90","14.01","32","24","89","0"
"Andy Janovich","RB","CLE","4","1","0.70","0","4.00","69.60%","0.00","6.12","0","0.01","0","0.00","1.36","-1.40","0.00","1.01","-1.00","0","","6.00","5.68","0.30","6.00","5.33","0.70","4.50","0.65","6.00","4.32","3","2","0","1"
"Durham Smythe","TE","MIA","4","3","2.45","1","1.30","81.60%","0.33","19.90","9","0.02","0","1.90","4.54","-2.60","1.40","3.32","-1.90","6","6.00","1.90","4.54","-2.60","1.40","3.32","-1.90","0.00","0.00","0.00","0.00","3","0","0","0"
"Gabe Nabers","RB","LAC","4","2","1.51","2","2.00","75.60%","1.00","11.32","11","0.00","0","3.10","2.64","0.50","2.10","1.89","0.20","7","3.50","3.30","3.02","0.30","2.30","2.27","0.00","3.43","0.01","0.20","0.38","3","1","2","0"
"David Johnson","RB","HOU","3","6","4.11","5","0.50","68.45%","0.83","26.17","40","0.83","1","15.00","11.68","3.30","12.50","9.63","2.90","42","8.40","19.60","16.97","2.60","17.10","14.92","2.20","51.14","0.03","4.60","5.29","17","11","46","0"
"Jauan Jennings","WR","SF","3","2","1.51","2","1.50","75.60%","1.00","11.81","17","0.24","1","9.70","4.16","5.50","8.70","3.40","5.30","14","7.00","9.70","4.16","5.50","8.70","3.40","5.30","0.00","0.00","0.00","0.00","2","0","0","0"
"Ezekiel Elliott","RB","DAL","2","7","5.06","7","0.29","72.30%","1.00","30.36","39","1.01","0","10.90","14.18","-3.30","7.40","11.65","-4.20","37","5.29","48.80","43.98","4.80","45.30","41.45","3.90","189.46","1.81","37.90","29.80","51","44","199","3"
"David Montgomery","RB","CHI","2","9","7.34","6","0.22","81.60%","0.67","55.41","49","0.10","0","10.90","13.51","-2.60","7.90","9.84","-1.90","48","8.00","37.20","38.75","-1.60","34.20","35.08","-0.90","200.44","0.87","26.30","25.25","55","46","203","1"
"James Conner","RB","PIT","2","1","0.78","1","2.00","78.30%","1.00","5.87","10","0.00","0","2.00","1.37","0.60","1.50","0.98","0.50","8","8.00","26.20","24.26","1.90","25.70","23.87","1.80","143.91","1.42","24.20","22.89","36","35","122","2"
"Damien Williams","RB","KC","2","3","2.38","2","0.67","79.40%","0.67","17.62","11","0.15","0","3.10","5.07","-2.00","2.10","3.88","-1.80","9","4.50","12.10","13.03","-0.90","11.10","11.84","-0.70","45.58","0.57","9.00","7.96","14","11","30","1"
"Devontae Booker","RB","LV","2","2","1.59","2","1.00","79.35%","1.00","11.82","8","0.01","0","2.80","2.80","0.00","1.80","2.01","-0.20","6","3.00","4.40","5.93","-1.50","3.40","5.14","-1.70","26.97","0.07","1.60","3.13","8","6","16","0"
"J.J. Taylor","RB","NE","2","2","1.64","2","1.00","82.05%","1.00","11.67","3","0.01","0","2.30","2.88","-0.60","1.30","2.06","-0.80","1","0.50","2.80","4.50","-1.70","1.80","3.68","-1.90","12.75","0.06","0.50","1.62","5","3","5","0"
"Jerick McKinnon","RB","SF","2","1","0.85","1","2.00","84.90%","1.00","5.54","14","0.04","0","2.40","1.67","0.70","1.90","1.25","0.70","12","12.00","2.40","1.67","0.70","1.90","1.25","0.70","0.00","0.00","0.00","0.00","1","0","0","0"
"Jamaal Williams","RB","GB","1","14","11.38","13","0.07","81.26%","0.93","83.71","93","0.08","0","22.30","20.21","2.10","15.80","14.52","1.30","96","7.38","46.40","40.74","5.70","39.90","35.06","4.80","115.15","1.50","24.10","20.53","42","28","121","2"
"Damien Williams","RB","CHI","1","8","6.68","6","0.13","83.47%","0.75","51.68","26","0.03","0","8.60","12.02","-3.40","5.60","8.69","-3.10","25","4.17","10.40","16.37","-6.00","7.40","13.03","-5.60","35.39","0.13","1.80","4.35","16","8","18","0"
"Trey Sermon","RB","SF","1","3","2.40","2","0.33","80.00%","0.67","17.11","3","0.03","0","2.30","4.31","-2.00","1.30","3.11","-1.80","4","2.00","12.20","12.35","-0.20","11.20","11.15","0.00","45.92","0.58","9.90","8.05","14","11","39","1"
"Ronald Jones II","RB","TB","1","3","2.21","1","0.33","73.60%","0.33","16.87","9","0.01","0","1.90","3.93","-2.00","1.40","2.83","-1.40","6","6.00","7.10","12.04","-4.90","6.60","10.93","-4.30","63.44","0.29","5.20","8.11","18","15","52","0"
"Samaje Perine","RB","CIN","1","3","2.44","2","0.33","81.30%","0.67","19.18","15","0.01","0","3.50","4.41","-0.90","2.50","3.19","-0.70","14","7.00","5.60","7.23","-1.60","4.60","6.01","-1.40","27.14","0.02","2.10","2.82","9","6","21","0"
"Travis Homer","RB","SEA","1","5","3.98","5","0.20","79.50%","1.00","30.37","62","0.01","0","11.20","7.10","4.10","8.70","5.11","3.60","61","12.20","11.20","7.10","4.10","8.70","5.11","3.60","0.00","0.00","0.00","0.00","5","0","0","0"
"Ty Montgomery","RB","NO","1","2","1.37","2","0.50","68.70%","1.00","5.26","8","0.65","0","2.80","5.79","-3.00","1.80","5.10","-3.30","7","3.50","2.80","5.79","-3.00","1.80","5.10","-3.30","0.00","0.00","0.00","0.00","2","0","0","0"
"Elijhaa Penny","RB","NYG","1","1","0.81","0","1.00","80.70%","0.00","5.45","0","0.00","0","0.00","1.35","-1.40","0.00","0.95","-0.90","0","","1.10","3.06","-2.00","1.10","2.65","-1.60","15.79","0.02","1.10","1.71","5","4","11","0"
"Jason Cabinda","ILB","DET","1","2","1.58","1","0.50","79.05%","0.50","12.06","4","0.01","0","1.40","2.82","-1.40","0.90","2.03","-1.10","4","4.00","1.40","2.82","-1.40","0.90","2.03","-1.10","0.00","0.00","0.00","0.00","2","0","0","0"
"Tommy Sweeney","TE","BUF","1","2","1.49","2","0.50","74.70%","1.00","10.96","2","0.01","0","2.20","2.63","-0.40","1.20","1.88","-0.70","1","0.50","2.20","2.63","-0.40","1.20","1.88","-0.70","0.00","0.00","0.00","0.00","2","0","0","0"
"Gary Brightwell","RB","NYG","1","1","0.84","1","1.00","84.30%","1.00","5.94","6","0.00","0","1.60","1.45","0.10","1.10","1.03","0.10","5","5.00","2.00","1.87","0.10","1.50","1.45","0.10","4.16","0.00","0.40","0.42","2","1","4","0"
"Joe Mixon","RB","CIN","0","7","5.33","6","0.00","76.07%","0.86","38.59","29","0.00","0","8.90","9.18","-0.30","5.90","6.52","-0.60","30","5.00","43.50","45.65","-2.20","40.50","42.99","-2.50","298.26","1.11","34.60","36.47","74","67","286","1"
"Antonio Gibson","RB","WAS","0","9","7.20","6","0.00","80.03%","0.67","50.71","95","0.50","1","21.50","15.29","6.20","18.50","11.69","6.80","96","16.00","40.50","38.02","2.50","37.50","34.42","3.10","202.99","0.41","19.00","22.73","54","45","190","0"
"Latavius Murray","RB","NO","0","0","0.00","0","0.00","","0.00","0.00","0","0.00","0","0.00","0.00","0.00","0.00","0.00","0.00","0","","21.20","14.62","6.60","21.20","14.62","6.60","113.66","0.54","21.20","14.62","26","26","92","2"
"Tevin Coleman","RB","SF","0","0","0.00","0","0.00","","0.00","0.00","0","0.00","0","0.00","0.00","0.00","0.00","0.00","0.00","0","","4.80","6.61","-1.80","4.80","6.61","-1.80","61.25","0.08","4.80","6.61","14","14","48","0"
"Justin Jackson","RB","LAC","0","2","1.73","2","0.00","86.40%","1.00","11.63","10","0.01","0","3.00","2.94","0.10","2.00","2.08","-0.10","10","5.00","5.60","6.60","-1.00","4.60","5.74","-1.10","31.89","0.08","2.60","3.66","9","7","26","0"
"Kylin Hill","RB","GB","0","0","0.00","0","0.00","","0.00","0.00","0","0.00","0","0.00","0.00","0.00","0.00","0.00","0.00","0","","2.20","3.52","-1.30","2.20","3.52","-1.30","32.54","0.05","2.20","3.52","7","7","22","0"
"Marlon Mack","RB","IND","0","1","0.74","0","0.00","74.40%","0.00","4.84","0","0.00","0","0.00","1.23","-1.20","0.00","0.86","-0.90","0","","1.60","3.67","-2.10","1.60","3.30","-1.70","22.08","0.04","1.60","2.44","6","5","16","0"
"Eric Saubert","TE","JAX","0","3","2.24","2","0.00","74.60%","0.67","15.27","14","0.00","0","3.40","3.78","-0.40","2.40","2.66","-0.30","15","7.50","3.40","3.78","-0.40","2.40","2.66","-0.30","0.00","0.00","0.00","0.00","3","0","0","0"
"Devonta Freeman","RB","NYG","0","0","0.00","0","0.00","","0.00","0.00","0","0.00","0","0.00","0.00","0.00","0.00","0.00","0.00","0","","3.70","2.41","1.30","3.70","2.41","1.30","22.83","0.02","3.70","2.41","5","5","37","0"
"Damarea Crockett","RB","DEN","0","0","0.00","0","0.00","","0.00","0.00","0","0.00","0","0.00","0.00","0.00","0.00","0.00","0.00","0","","0.70","2.25","-1.50","0.70","2.25","-1.50","13.29","0.15","0.70","2.25","3","3","7","0"
"Matt Breida","RB","MIA","0","0","0.00","0","0.00","","0.00","0.00","0","0.00","0","0.00","0.00","0.00","0.00","0.00","0.00","0","","0.40","2.08","-1.70","0.40","2.08","-1.70","18.64","0.04","0.40","2.08","4","4","4","0"
"Corey Clement","RB","PHI","0","0","0.00","0","0.00","","0.00","0.00","0","0.00","0","0.00","0.00","0.00","0.00","0.00","0.00","0","","0.00","1.66","-1.70","0.00","1.66","-1.70","15.52","0.02","0.00","1.66","3","3","0","0"
"Trenton Cannon","RB","CAR","0","0","0.00","0","0.00","","0.00","0.00","0","0.00","0","0.00","0.00","0.00","0.00","0.00","0.00","0","","0.40","1.53","-1.10","0.40","1.53","-1.10","14.02","0.02","0.40","1.53","3","3","4","0"
"Alex Collins","RB","SEA","0","0","0.00","0","0.00","","0.00","0.00","0","0.00","0","0.00","0.00","0.00","0.00","0.00","0.00","0","","3.30","1.48","1.80","3.30","1.48","1.80","13.89","0.02","3.30","1.48","3","3","33","0"
"Parker Hesse","TE","ATL","0","1","0.78","0","0.00","78.00%","0.00","5.65","0","0.00","0","0.00","1.36","-1.40","0.00","0.97","-1.00","0","","0.00","1.36","-1.40","0.00","0.97","-1.00","0.00","0.00","0.00","0.00","1","0","0","0"
"Derek Watt","RB","PIT","0","1","0.73","1","0.00","72.60%","1.00","5.05","3","0.01","0","1.30","1.27","0.00","0.80","0.90","-0.10","3","3.00","1.30","1.27","0.00","0.80","0.90","-0.10","0.00","0.00","0.00","0.00","1","0","0","0"
"D'Ernest Johnson","RB","CLE","0","0","0.00","0","0.00","","0.00","0.00","0","0.00","0","0.00","0.00","0.00","0.00","0.00","0.00","0","","0.90","1.08","-0.20","0.90","1.08","-0.20","8.48","0.04","0.90","1.08","2","2","9","0"
"Josiah Deguara","TE","GB","0","1","0.73","1","0.00","73.20%","1.00","5.05","4","0.00","0","1.40","1.26","0.10","0.90","0.89","0.00","4","4.00","1.40","1.26","0.10","0.90","0.89","0.00","0.00","0.00","0.00","0.00","1","0","0","0"
"Jaret Patterson","RB","WAS","0","0","0.00","0","0.00","","0.00","0.00","0","0.00","0","0.00","0.00","0.00","0.00","0.00","0.00","0","","0.90","1.04","-0.10","0.90","1.04","-0.10","9.50","0.02","0.90","1.04","2","2","9","0"
"Benny Snell Jr.","RB","PIT","0","0","0.00","0","0.00","","0.00","0.00","0","0.00","0","0.00","0.00","0.00","0.00","0.00","0.00","0","","0.10","1.02","-0.90","0.10","1.02","-0.90","9.65","0.01","0.10","1.02","2","2","1","0"
"Rashaad Penny","RB","SEA","0","0","0.00","0","0.00","","0.00","0.00","0","0.00","0","0.00","0.00","0.00","0.00","0.00","0.00","0","","0.80","1.01","-0.20","0.80","1.01","-0.20","7.60","0.04","0.80","1.01","2","2","8","0"
"Raheem Mostert","RB","SF","0","0","0.00","0","0.00","","0.00","0.00","0","0.00","0","0.00","0.00","0.00","0.00","0.00","0.00","0","","2.00","0.99","1.00","2.00","0.99","1.00","9.70","0.00","2.00","0.99","2","2","20","0"
"Mekhi Sargent","RB","TEN","0","0","0.00","0","0.00","","0.00","0.00","0","0.00","0","0.00","0.00","0.00","0.00","0.00","0.00","0","","0.40","0.97","-0.60","0.40","0.97","-0.60","8.80","0.02","0.40","0.97","2","2","4","0"
"Jake Funk","RB","LAR","0","0","0.00","0","0.00","","0.00","0.00","0","0.00","0","0.00","0.00","0.00","0.00","0.00","0.00","0","","0.60","0.50","0.10","0.60","0.50","0.10","4.83","0.00","0.60","0.50","1","1","6","0"
"Alex Armah","RB","CAR","0","0","0.00","0","0.00","","0.00","0.00","0","0.00","0","0.00","0.00","0.00","0.00","0.00","0.00","0","","0.50","0.47","0.00","0.50","0.47","0.00","4.48","0.00","0.50","0.47","1","1","5","0"
"DeAndre Carter","WR","HOU","0","0","0.00","0","0.00","","0.00","0.00","0","0.00","0","0.00","0.00","0.00","0.00","0.00","0.00","0","","0.20","0.43","-0.20","0.20","0.43","-0.20","4.31","0.00","0.20","0.43","1","1","2","0"
"JaMycal Hasty","RB","SF","-1","6","4.85","5","-0.17","80.80%","0.83","29.76","36","0.45","0","8.60","10.55","-2.00","6.10","8.13","-2.00","34","6.80","18.70","16.54","2.20","16.20","14.11","2.10","21.89","0.63","10.10","5.99","12","6","41","1"
"Larry Rountree III","RB","LAC","-1","2","1.48","1","-0.50","74.10%","0.50","11.09","-1","0.01","0","0.90","2.64","-1.70","0.40","1.90","-1.50","0","0.00","3.80","11.90","-8.10","3.30","11.16","-7.90","53.29","0.65","2.90","9.25","15","13","29","0"
"Kadarius Toney","WR","NYG","-1","5","4.03","4","-0.20","80.58%","0.80","32.29","14","0.08","0","5.40","7.72","-2.30","3.40","5.71","-2.30","24","6.00","5.40","7.72","-2.30","3.40","5.71","-2.30","0.00","0.00","0.00","0.00","5","0","0","0"
"Tommy Hudson","TE","TEN","-1","4","3.19","2","-0.25","79.80%","0.50","22.91","17","0.08","0","3.70","5.98","-2.30","2.70","4.39","-1.70","22","11.00","3.70","5.98","-2.30","2.70","4.39","-1.70","0.00","0.00","0.00","0.00","4","0","0","0"
"Preston Williams","WR","MIA","-1","3","2.22","1","-0.30","74.10%","0.33","15.37","2","0.00","0","1.20","3.78","-2.60","0.70","2.67","-2.00","1","1.00","1.20","3.78","-2.60","0.70","2.67","-2.00","0.00","0.00","0.00","0.00","3","0","0","0"
"Rhamondre Stevenson","RB","NE","-1","1","0.78","1","-1.00","77.70%","1.00","5.09","9","0.00","0","1.90","1.29","0.60","1.40","0.90","0.50","10","10.00","2.10","1.77","0.30","1.60","1.38","0.20","4.69","0.00","0.20","0.49","2","1","2","0"
"Jaelon Darden","WR","TB","-1","1","0.78","1","-1.00","77.70%","1.00","5.17","0","0.00","0","1.00","1.29","-0.30","0.50","0.91","-0.40","1","1.00","1.00","1.29","-0.30","0.50","0.91","-0.40","0.00","0.00","0.00","0.00","1","0","0","0"
"Equanimeous St. Brown","WR","GB","-1","1","0.68","1","-1.00","68.40%","1.00","4.18","0","0.00","0","1.00","1.10","-0.10","0.50","0.76","-0.30","1","1.00","1.00","1.10","-0.10","0.50","0.76","-0.30","0.00","0.00","0.00","0.00","1","0","0","0"
"Melvin Gordon III","RB","DEN","-2","7","5.38","6","-0.29","76.89%","0.86","39.77","76","0.06","0","13.60","9.72","3.90","10.60","7.02","3.60","69","11.50","44.90","37.27","7.60","41.90","34.58","7.30","178.15","1.62","31.30","27.55","49","42","193","2"
"Leonard Fournette","RB","TB","-2","14","11.56","12","-0.14","82.56%","0.86","81.68","77","0.31","0","19.70","21.56","-1.90","13.70","15.78","-2.10","83","6.92","28.90","34.68","-5.80","22.90","28.90","-6.00","102.01","0.49","9.20","13.12","38","24","92","0"
"Darrell Henderson Jr.","RB","LAR","-2","6","4.87","4","-0.33","81.10%","0.67","33.66","46","0.07","0","8.60","8.68","-0.10","6.60","6.24","0.40","44","11.00","32.90","32.36","0.50","30.90","29.93","1.00","113.74","2.05","24.30","23.69","35","29","123","2"
"Zack Moss","RB","BUF","-2","5","4.02","5","-0.40","80.46%","1.00","25.62","39","0.38","1","14.90","8.88","6.00","12.40","6.87","5.50","41","8.20","35.50","25.49","10.00","33.00","23.48","9.50","80.95","1.42","20.60","16.61","26","21","86","2"
"Michael Burton","RB","NO","-2","1","0.85","1","-2.00","84.90%","1.00","5.89","11","0.01","0","2.10","1.47","0.60","1.60","1.05","0.60","13","13.00","2.30","1.84","0.50","1.80","1.41","0.40","3.65","0.00","0.20","0.37","2","1","2","0"
"Zach Gentry","TE","PIT","-2","1","0.88","1","-2.00","88.20%","1.00","6.74","-2","0.01","0","0.80","1.61","-0.80","0.30","1.17","-0.90","0","0.00","0.80","1.61","-0.80","0.30","1.17","-0.90","0.00","0.00","0.00","0.00","1","0","0","0"
"Blake Bell","TE","DAL","-3","3","2.44","3","-1.00","81.20%","1.00","17.28","29","0.01","0","5.90","4.25","1.60","4.40","3.04","1.40","32","10.67","6.10","4.66","1.40","4.60","3.44","1.20","3.68","0.01","0.20","0.40","4","1","2","0"
"Rex Burkhead","RB","NE","-3","3","2.48","2","-1.00","82.60%","0.67","17.54","11","0.02","0","3.10","4.37","-1.30","2.10","3.14","-1.00","16","8.00","3.10","4.37","-1.30","2.10","3.14","-1.00","0.00","0.00","0.00","0.00","3","0","0","0"
"DeeJay Dallas","RB","SEA","-3","1","0.90","1","-3.00","89.70%","1.00","6.35","5","0.01","0","1.50","1.59","-0.10","1.00","1.14","-0.10","8","8.00","2.00","2.03","0.00","1.50","1.58","-0.10","3.88","0.01","0.50","0.44","2","1","5","0"
"Diontae Spencer","WR","DEN","-3","1","0.89","1","-3.00","88.80%","1.00","5.15","-3","0.03","0","0.70","1.58","-0.90","0.20","1.14","-0.90","0","0.00","0.70","1.58","-0.90","0.20","1.14","-0.90","0.00","0.00","0.00","0.00","1","0","0","0"
"Noah Gray","TE","KC","-3","1","0.91","1","-3.00","91.20%","1.00","6.32","5","0.00","0","1.50","1.54","0.00","1.00","1.09","-0.10","8","8.00","1.50","1.54","0.00","1.00","1.09","-0.10","0.00","0.00","0.00","0.00","1","0","0","0"
"Sony Michel","RB","NE","-4","4","3.23","3","-1.00","80.70%","0.75","23.58","12","0.01","0","4.20","5.66","-1.50","2.70","4.04","-1.30","19","6.33","15.70","21.72","-6.00","14.20","20.11","-5.90","138.86","0.36","11.50","16.06","35","31","115","0"
"Malcolm Brown","RB","LAR","-4","2","1.66","0","-2.00","83.10%","0.00","11.35","0","0.02","0","0.00","2.90","-2.90","0.00","2.07","-2.10","0","","12.80","16.91","-4.10","12.80","16.08","-3.30","65.52","1.24","12.80","14.00","19","17","68","1"
"Kareem Hunt","RB","CLE","-6","11","8.78","10","-0.55","79.80%","0.91","63.93","102","0.08","0","20.20","15.65","4.50","15.20","11.26","3.90","0","0.00","48.70","34.19","14.50","43.70","29.80","13.90","127.07","0.97","28.50","18.54","40","29","165","2"
"Aaron Jones","RB","GB","-7","10","8.12","10","-0.70","81.15%","1.00","42.57","75","1.46","3","35.50","21.16","14.30","30.50","17.10","13.40","82","8.20","63.30","49.15","14.10","58.30","45.10","13.20","167.59","1.87","27.80","27.99","51","41","158","2"
"Javonte Williams","RB","DEN","-7","6","5.00","5","-1.17","83.35%","0.83","34.02","39","0.06","0","8.90","8.78","0.10","6.40","6.28","0.10","43","8.60","28.70","37.53","-8.80","26.20","35.03","-8.80","164.62","2.05","19.80","28.76","45","39","138","1"
"Alexander Mattison","RB","MIN","-7","10","8.57","8","-0.70","85.71%","0.80","60.97","80","0.18","0","16.00","15.76","0.20","12.00","11.47","0.50","90","11.25","28.50","32.53","-4.00","24.50","28.24","-3.70","128.29","0.66","12.50","16.77","40","30","125","0"
"Phillip Lindsay","RB","DEN","-7","2","1.76","1","-3.50","88.05%","0.50","6.11","22","0.48","1","9.20","5.24","4.00","8.70","4.36","4.30","26","26.00","18.40","15.91","2.50","17.90","15.03","2.90","86.56","0.34","9.20","10.67","22","20","32","1"
"Chris Carson","RB","SEA","-8","5","4.07","5","-1.60","81.42%","1.00","28.65","28","0.02","0","7.80","7.04","0.80","5.30","5.01","0.30","36","7.20","46.00","32.80","13.20","43.50","30.77","12.70","178.06","1.33","38.20","25.76","46","41","202","3"
"Elijah Mitchell","RB","SF","-8","2","1.76","2","-4.00","88.05%","1.00","12.01","11","0.02","0","3.10","3.07","0.00","2.10","2.19","-0.10","19","9.50","23.70","23.47","0.20","22.70","22.59","0.10","158.11","0.76","20.60","20.40","38","36","146","1"
"Nick Chubb","RB","CLE","-9","3","2.45","3","-3.00","81.60%","1.00","16.81","21","0.02","0","5.10","4.25","0.80","3.60","3.03","0.60","30","10.00","49.30","33.61","15.70","47.80","32.38","15.40","200.12","1.56","44.20","29.35","51","48","262","3"
"Clyde Edwards-Helaire","RB","KC","-9","5","4.10","5","-1.80","82.08%","1.00","26.66","38","0.20","1","14.80","7.95","6.90","12.30","5.89","6.40","47","9.40","33.70","30.49","3.20","31.20","28.44","2.80","200.96","0.41","18.90","22.54","49","44","189","0"
"Myles Gaskin","RB","MIA","-11","16","12.91","12","-0.69","80.66%","0.75","91.65","57","0.05","0","17.70","22.36","-4.70","11.70","15.90","-4.20","59","4.92","31.60","36.61","-5.00","25.60","30.16","-4.60","131.02","0.19","13.90","14.25","43","27","139","0"
"Saquon Barkley","RB","NYG","-12","13","10.40","9","-0.92","79.98%","0.69","73.86","56","0.51","0","14.60","20.85","-6.30","10.10","15.65","-5.60","80","8.89","34.00","45.27","-11.30","29.50","40.07","-10.60","172.59","1.19","19.40","24.42","52","39","134","1"
"Boston Scott","RB","PHI","-13","2","1.72","2","-6.50","85.95%","1.00","9.21","5","0.00","0","2.50","2.66","-0.20","1.50","1.80","-0.30","18","9.00","2.50","2.66","-0.20","1.50","1.80","-0.30","0.00","0.00","0.00","0.00","2","0","0","0"
"Dalvin Cook","RB","MIN","-14","10","8.34","8","-1.40","83.37%","0.80","57.91","60","0.07","0","14.00","14.52","-0.50","10.00","10.35","-0.40","69","8.63","39.20","37.95","1.20","35.20","33.79","1.40","187.72","0.78","25.20","23.43","52","42","192","1"
"D'Andre Swift","RB","DET","-18","23","18.38","19","-0.78","79.92%","0.83","129.32","166","0.63","1","41.60","35.08","6.50","32.10","25.88","6.20","203","10.68","59.90","57.70","2.20","50.40","48.51","1.90","137.87","1.47","18.30","22.63","56","33","123","1"
"Cordarrelle Patterson","WR","CHI","-19","16","12.58","13","-1.19","78.62%","0.81","86.97","153","0.39","1","34.30","23.59","10.70","27.80","17.30","10.50","150","11.54","48.80","37.08","11.70","42.30","30.79","11.50","89.54","0.76","14.50","13.49","37","21","85","1"
"Kenneth Gainwell","RB","PHI","-19","10","8.09","7","-1.90","80.85%","0.70","53.91","56","0.15","0","12.60","14.35","-1.70","9.10","10.31","-1.20","71","10.14","23.90","22.97","0.90","20.40","18.93","1.50","69.65","0.28","11.30","8.62","26","16","53","1"
"Miles Sanders","RB","PHI","-21","11","9.02","8","-1.91","82.04%","0.73","58.11","71","0.17","0","15.10","15.83","-0.70","11.10","11.32","-0.20","99","12.38","30.70","33.36","-2.70","26.70","28.85","-2.10","132.96","0.70","15.60","17.53","41","30","156","0"
"Tony Pollard","RB","DAL","-21","8","6.95","8","-2.63","86.85%","1.00","45.78","65","0.10","0","14.50","12.13","2.40","10.50","8.66","1.80","86","10.75","38.80","26.78","12.00","34.80","23.30","11.50","120.54","0.43","24.30","14.65","35","27","183","1"
"Jonathan Taylor","RB","IND","-23","11","9.03","8","-2.09","82.12%","0.73","57.98","70","0.19","0","15.00","15.99","-1.00","11.00","11.47","-0.50","83","10.38","32.10","51.53","-19.40","28.10","47.01","-18.90","156.10","3.32","17.10","35.54","53","42","171","0"
"Mike Davis","RB","CAR","-24","17","13.65","14","-1.41","80.31%","0.82","91.35","68","0.78","0","20.80","27.46","-6.70","13.80","20.63","-6.80","91","6.50","34.50","49.38","-14.90","27.50","42.56","-15.10","156.25","1.05","13.70","21.92","53","36","137","0"